inventory_id,product_id,factory_id,snapshot_date,quantity_on_hand,quantity_reserved,quantity_available,reorder_point,reorder_quantity,days_of_stock,warehouse_zone
INV00001,PROD036,FACT02,2023-07-01,424,91,333,88,392,2.7,B
INV00002,PROD117,FACT02,2023-06-01,6265,501,5764,1868,8207,30.4,B
INV00003,PROD073,FACT06,2024-11-01,8283,781,7502,1706,6399,61.3,A
INV00004,PROD011,FACT02,2023-08-01,2074,300,1774,430,1455,9.1,C
INV00005,PROD001,FACT06,2023-05-01,5502,1803,3699,725,3396,25.3,B
INV00006,PROD009,FACT09,2024-01-01,8210,1687,6523,1065,4701,49.3,B
INV00007,PROD025,FACT02,2024-01-01,6479,3310,3169,867,3078,19.0,B
INV00008,PROD104,FACT07,2024-10-01,3490,635,2855,762,2142,398.6,C
INV00009,PROD015,FACT11,2023-01-01,4484,2000,2484,821,2005,45.0,D
INV00010,PROD058,FACT01,2024-02-01,3671,608,3063,650,2378,65.0,A
INV00011,PROD024,FACT09,2023-04-01,3972,292,3680,499,1441,138.2,A
INV00012,PROD072,FACT04,2024-10-01,8284,1620,6664,1460,4077,35.5,B
INV00013,PROD116,FACT05,2024-08-01,6405,3271,3134,1125,2607,102.6,D
INV00014,PROD093,FACT04,2023-01-01,4136,394,3742,927,1950,66.5,D
INV00015,PROD071,FACT10,2024-02-01,7976,1910,6066,1417,6164,86.2,D
INV00016,PROD046,FACT09,2024-07-01,7595,413,7182,1396,3244,56.6,D
INV00017,PROD018,FACT01,2024-07-01,2095,831,1264,324,1512,8.2,B
INV00018,PROD067,FACT10,2023-03-01,7588,4314,3274,958,2530,26.6,A
INV00019,PROD063,FACT06,2024-08-01,604,158,446,97,415,3.0,C
INV00020,PROD111,FACT12,2023-11-01,3255,1196,2059,353,1578,24.7,B
INV00021,PROD024,FACT05,2023-09-01,4640,1386,3254,653,2859,16.3,C
INV00022,PROD084,FACT08,2024-12-01,2266,1326,940,374,1727,24.6,A
INV00023,PROD031,FACT02,2024-07-01,1442,656,786,186,562,9.5,B
INV00024,PROD090,FACT12,2023-02-01,2149,160,1989,501,2484,11.9,B
INV00025,PROD038,FACT04,2024-01-01,6119,672,5447,956,2714,102.5,D
INV00026,PROD111,FACT05,2023-03-01,3439,1062,2377,767,3684,15.7,C
INV00027,PROD110,FACT08,2023-11-01,3657,1454,2203,837,2772,29.0,C
INV00028,PROD043,FACT01,2024-02-01,9205,1930,7275,1744,3786,183.6,C
INV00029,PROD008,FACT07,2024-03-01,6720,2829,3891,1276,5557,46.5,D
INV00030,PROD096,FACT08,2023-05-01,4463,1638,2825,965,4210,17.9,D
INV00031,PROD072,FACT01,2023-07-01,3362,973,2389,513,1330,89.0,D
INV00032,PROD005,FACT05,2023-02-01,8430,3121,5309,879,3930,50.3,D
INV00033,PROD080,FACT06,2023-06-01,696,386,310,159,393,2.1,B
INV00034,PROD027,FACT10,2023-11-01,2076,381,1695,460,1129,11.2,A
INV00035,PROD063,FACT05,2023-02-01,7973,3868,4105,1557,6892,50.7,A
INV00036,PROD103,FACT09,2024-01-01,4300,243,4057,1183,3396,42.3,A
INV00037,PROD065,FACT04,2023-01-01,9715,939,8776,1960,4372,51.0,C
INV00038,PROD063,FACT02,2023-03-01,2279,1304,975,366,1782,21.4,C
INV00039,PROD005,FACT09,2024-08-01,5003,2170,2833,1214,4457,14.3,A
INV00040,PROD067,FACT02,2023-02-01,6765,2695,4070,1979,6618,46.9,B
INV00041,PROD109,FACT02,2024-07-01,1721,402,1319,426,1496,22.5,D
INV00042,PROD052,FACT12,2024-10-01,1869,283,1586,527,2114,288.0,A
INV00043,PROD081,FACT06,2023-09-01,8527,2208,6319,1045,4791,215.1,C
INV00044,PROD097,FACT09,2024-06-01,6533,2477,4056,811,3258,26.6,C
INV00045,PROD083,FACT05,2024-11-01,2099,837,1262,275,1160,9.6,D
INV00046,PROD004,FACT10,2023-01-01,3927,563,3364,945,2401,63.4,C
INV00047,PROD077,FACT02,2024-08-01,9586,2828,6758,1706,5378,36.4,C
INV00048,PROD051,FACT12,2024-02-01,3866,1398,2468,756,2838,14.7,D
INV00049,PROD114,FACT06,2024-02-01,6680,3861,2819,1018,3928,49.0,D
INV00050,PROD043,FACT01,2024-06-01,4263,1501,2762,1054,2964,39.8,A
INV00051,PROD055,FACT10,2024-01-01,2979,1100,1879,802,3950,45.8,A
INV00052,PROD090,FACT10,2023-04-01,3003,1414,1589,397,935,12.2,D
INV00053,PROD041,FACT03,2024-06-01,3868,1085,2783,536,1253,19.6,B
INV00054,PROD031,FACT03,2024-07-01,8542,2231,6311,1434,3854,76.8,C
INV00055,PROD035,FACT10,2024-12-01,2562,961,1601,400,1705,10.8,A
INV00056,PROD080,FACT06,2023-04-01,652,313,339,135,285,1.7,C
INV00057,PROD057,FACT04,2023-06-01,2047,820,1227,513,2546,9.9,C
INV00058,PROD024,FACT11,2023-12-01,7306,1113,6193,1890,9380,47.1,C
INV00059,PROD053,FACT11,2023-09-01,2479,666,1813,351,870,23.3,B
INV00060,PROD030,FACT08,2024-01-01,9166,3042,6124,1238,3966,866.9,C
INV00061,PROD118,FACT07,2024-12-01,9019,3049,5970,1558,4069,31.3,C
INV00062,PROD081,FACT09,2024-02-01,4097,970,3127,531,1712,20.1,A
INV00063,PROD077,FACT05,2024-03-01,965,326,639,114,410,4.5,C
INV00064,PROD102,FACT11,2024-02-01,1902,799,1103,282,1260,102.0,B
INV00065,PROD007,FACT05,2024-06-01,4914,1510,3404,879,1852,22.2,B
INV00066,PROD009,FACT05,2023-02-01,7915,2361,5554,1722,8542,40.9,C
INV00067,PROD021,FACT09,2023-03-01,2155,1058,1097,527,2541,9.5,B
INV00068,PROD030,FACT02,2024-06-01,4720,2201,2519,682,2531,19.9,D
INV00069,PROD101,FACT07,2024-07-01,504,142,362,133,458,2.0,B
INV00070,PROD101,FACT10,2024-06-01,5068,3030,2038,541,1976,323.3,D
INV00071,PROD022,FACT03,2024-03-01,8890,770,8120,1679,3451,228.0,B
INV00072,PROD047,FACT08,2024-10-01,8203,1881,6322,1859,7832,35.2,B
INV00073,PROD062,FACT09,2024-12-01,9999,702,9297,1582,5520,1408.4,A
INV00074,PROD031,FACT11,2023-06-01,4020,2057,1963,952,2721,10.8,C
INV00075,PROD004,FACT11,2023-04-01,8426,3923,4503,2304,7798,417.8,A
INV00076,PROD010,FACT10,2023-10-01,9512,4052,5460,1121,3226,34.8,D
INV00077,PROD030,FACT09,2023-12-01,8178,1374,6804,1656,6789,38.1,A
INV00078,PROD094,FACT05,2023-05-01,6567,2885,3682,681,2617,29.6,A
INV00079,PROD105,FACT10,2024-08-01,1596,392,1204,249,788,9.3,B
INV00080,PROD007,FACT11,2023-05-01,6092,3215,2877,776,2284,193.6,D
INV00081,PROD015,FACT11,2024-04-01,2322,371,1951,522,2419,42.3,B
INV00082,PROD019,FACT12,2024-06-01,4698,798,3900,703,2845,21.6,D
INV00083,PROD074,FACT09,2024-03-01,7196,4162,3034,1126,4670,18.3,D
INV00084,PROD039,FACT03,2023-08-01,6674,2232,4442,942,3632,267.4,B
INV00085,PROD091,FACT08,2023-01-01,3818,1128,2690,568,1264,16.4,C
INV00086,PROD003,FACT07,2023-09-01,7706,1876,5830,1118,2435,66.6,C
INV00087,PROD099,FACT04,2023-12-01,5197,2636,2561,1245,4093,22.4,D
INV00088,PROD052,FACT12,2023-01-01,2567,626,1941,747,3579,74.3,C
INV00089,PROD082,FACT09,2023-05-01,9117,2242,6875,1806,6455,83.1,B
INV00090,PROD088,FACT07,2023-09-01,8856,1044,7812,1949,9019,87.0,B
INV00091,PROD013,FACT08,2023-01-01,2915,981,1934,768,1758,14.3,B
INV00092,PROD044,FACT11,2024-02-01,3392,1893,1499,662,2762,11.3,A
INV00093,PROD081,FACT08,2024-05-01,3358,1936,1422,539,1475,12.7,A
INV00094,PROD017,FACT03,2023-03-01,7394,4418,2976,2146,7669,267.3,B
INV00095,PROD075,FACT07,2024-04-01,315,98,217,89,256,5.9,D
INV00096,PROD017,FACT08,2023-08-01,5332,2539,2793,768,3177,77.0,A
INV00097,PROD052,FACT03,2024-07-01,7841,2775,5066,1887,6043,28.4,D
INV00098,PROD049,FACT09,2024-03-01,9872,3469,6403,2265,7670,35.4,B
INV00099,PROD083,FACT10,2023-02-01,3100,1530,1570,713,1951,9.7,D
INV00100,PROD071,FACT04,2023-06-01,7367,3753,3614,1961,5578,92.4,B
INV00101,PROD019,FACT10,2023-10-01,5842,356,5486,1372,3483,32.5,D
INV00102,PROD034,FACT07,2024-09-01,1669,949,720,340,1245,17.3,A
INV00103,PROD093,FACT08,2024-01-01,3415,1717,1698,919,2238,15.0,D
INV00104,PROD030,FACT08,2024-03-01,5245,2342,2903,802,2249,19.6,B
INV00105,PROD106,FACT05,2023-11-01,1541,799,742,363,1304,49.3,C
INV00106,PROD029,FACT07,2023-09-01,8834,3052,5782,2123,5996,47.6,C
INV00107,PROD102,FACT08,2024-02-01,4254,2022,2232,1166,4391,41.4,A
INV00108,PROD048,FACT11,2023-03-01,9803,3718,6085,2938,6001,59.6,B
INV00109,PROD008,FACT02,2024-08-01,4231,1475,2756,895,4403,34.5,D
INV00110,PROD068,FACT10,2024-04-01,2282,380,1902,449,1881,13.7,B
INV00111,PROD092,FACT04,2023-08-01,9817,5066,4751,2161,7588,47.3,B
INV00112,PROD052,FACT06,2023-11-01,4858,2605,2253,1126,5363,35.3,A
INV00113,PROD075,FACT09,2023-02-01,8473,4950,3523,2056,9477,19.3,D
INV00114,PROD082,FACT02,2023-05-01,8590,999,7591,1342,4160,39.5,B
INV00115,PROD085,FACT07,2023-12-01,6327,1331,4996,1249,2933,31.0,C
INV00116,PROD111,FACT02,2023-09-01,4693,2004,2689,817,2252,22.7,D
INV00117,PROD058,FACT10,2023-11-01,4413,2296,2117,476,1250,11.9,C
INV00118,PROD112,FACT02,2024-04-01,6284,2911,3373,1394,5925,27.6,C
INV00119,PROD061,FACT01,2023-10-01,1205,362,843,331,1206,24.8,A
INV00120,PROD040,FACT09,2023-11-01,6920,3109,3811,1967,8950,453.8,C
INV00121,PROD096,FACT06,2023-01-01,6487,582,5905,1320,4579,40.3,C
INV00122,PROD017,FACT02,2023-01-01,7426,3077,4349,1880,8101,28.7,A
INV00123,PROD098,FACT10,2023-01-01,4107,223,3884,996,2958,20.9,B
INV00124,PROD081,FACT04,2024-12-01,2600,198,2402,379,1443,14.5,B
INV00125,PROD015,FACT04,2024-08-01,4523,2110,2413,509,1994,18.6,B
INV00126,PROD084,FACT12,2024-03-01,3769,1179,2590,941,4025,61.5,C
INV00127,PROD103,FACT07,2023-09-01,522,43,479,82,361,4.0,B
INV00128,PROD011,FACT07,2023-06-01,6586,2075,4511,1382,3910,50.3,D
INV00129,PROD083,FACT04,2024-07-01,4168,352,3816,854,2695,75.9,C
INV00130,PROD096,FACT05,2023-08-01,7200,1730,5470,1898,4975,34.0,B
INV00131,PROD088,FACT11,2024-05-01,5836,797,5039,1336,5669,147.5,C
INV00132,PROD070,FACT12,2023-12-01,4243,724,3519,1143,3214,27.5,D
INV00133,PROD082,FACT12,2023-02-01,8107,1278,6829,2030,6441,55.0,A
INV00134,PROD105,FACT09,2023-08-01,4426,1126,3300,1328,5855,51.4,C
INV00135,PROD048,FACT06,2023-01-01,3816,417,3399,1041,3143,38.3,A
INV00136,PROD013,FACT02,2024-01-01,1646,560,1086,234,673,39.2,D
INV00137,PROD119,FACT02,2023-11-01,636,174,462,186,735,46.3,A
INV00138,PROD026,FACT03,2024-09-01,7436,3807,3629,1249,6153,481.4,D
INV00139,PROD008,FACT11,2024-07-01,3195,1611,1584,708,1549,40.6,A
INV00140,PROD026,FACT07,2023-02-01,6891,3469,3422,1986,8946,19.7,D
INV00141,PROD113,FACT02,2024-08-01,9022,2781,6241,1289,3048,58.4,B
INV00142,PROD014,FACT01,2024-06-01,4749,997,3752,1289,3912,134.8,B
INV00143,PROD118,FACT04,2024-09-01,4149,1155,2994,1206,3920,16.5,B
INV00144,PROD041,FACT10,2024-12-01,6569,2812,3757,1779,7394,32.4,A
INV00145,PROD006,FACT07,2023-04-01,2665,910,1755,703,3360,168.1,A
INV00146,PROD016,FACT05,2023-07-01,8564,3369,5195,1310,3021,33.8,D
INV00147,PROD099,FACT07,2023-05-01,9725,4197,5528,1764,7470,56.8,D
INV00148,PROD034,FACT07,2023-09-01,6983,3876,3107,1760,5222,28.5,C
INV00149,PROD040,FACT12,2024-01-01,9041,5146,3895,1118,5261,31.3,C
INV00150,PROD091,FACT07,2024-06-01,4387,2247,2140,1218,3453,91.4,A
INV00151,PROD100,FACT11,2024-03-01,772,66,706,110,449,3.7,A
INV00152,PROD012,FACT01,2024-06-01,7922,4663,3259,1687,4208,59.5,B
INV00153,PROD001,FACT11,2023-01-01,4606,2013,2593,557,2715,20.5,B
INV00154,PROD120,FACT08,2023-04-01,9279,4003,5276,1272,2561,30.7,C
INV00155,PROD029,FACT06,2024-01-01,6638,416,6222,1441,3889,89.2,D
INV00156,PROD081,FACT06,2024-02-01,9195,2884,6311,2087,8406,49.5,D
INV00157,PROD082,FACT10,2023-08-01,5167,2039,3128,795,3626,15.8,D
INV00158,PROD049,FACT04,2024-09-01,7082,1439,5643,877,4368,33.0,A
INV00159,PROD120,FACT12,2023-05-01,7887,755,7132,1656,4173,45.4,B
INV00160,PROD016,FACT09,2024-08-01,8533,2925,5608,2288,6684,61.9,D
INV00161,PROD099,FACT10,2023-07-01,7537,2227,5310,1057,4942,57.1,B
INV00162,PROD009,FACT09,2024-12-01,6863,510,6353,1636,3432,63.7,D
INV00163,PROD059,FACT11,2023-09-01,1924,646,1278,341,1432,9.2,C
INV00164,PROD108,FACT06,2023-06-01,443,48,395,128,418,11.9,B
INV00165,PROD039,FACT11,2023-12-01,5494,1558,3936,640,2603,22.8,C
INV00166,PROD038,FACT09,2023-11-01,4358,866,3492,471,1684,409.6,B
INV00167,PROD107,FACT01,2024-03-01,267,156,111,33,128,2.9,D
INV00168,PROD006,FACT07,2024-05-01,7840,542,7298,2011,8044,73.8,D
INV00169,PROD090,FACT09,2023-03-01,1505,539,966,428,1667,17.8,D
INV00170,PROD081,FACT05,2024-05-01,3860,516,3344,1021,4078,43.8,D
INV00171,PROD088,FACT06,2024-09-01,6137,1385,4752,1495,5539,68.0,D
INV00172,PROD074,FACT06,2023-08-01,5329,805,4524,594,2460,78.7,D
INV00173,PROD096,FACT05,2024-10-01,1282,766,516,183,792,6.5,D
INV00174,PROD059,FACT10,2023-12-01,1076,73,1003,309,1348,9.7,A
INV00175,PROD003,FACT09,2024-01-01,9100,3164,5936,2043,9317,60.6,B
INV00176,PROD019,FACT05,2023-12-01,5938,2283,3655,1150,3392,22.4,C
INV00177,PROD099,FACT03,2023-05-01,4580,2174,2406,1056,4475,37.0,A
INV00178,PROD027,FACT06,2023-01-01,5522,2177,3345,749,3625,55.8,B
INV00179,PROD025,FACT06,2024-05-01,9533,1690,7843,2656,8240,75.9,C
INV00180,PROD085,FACT01,2023-05-01,2468,935,1533,571,2474,106.9,B
INV00181,PROD066,FACT11,2024-09-01,8908,5222,3686,1730,4973,137.5,C
INV00182,PROD084,FACT04,2023-08-01,7566,3909,3657,1449,3661,22.6,C
INV00183,PROD023,FACT10,2023-02-01,2827,846,1981,748,2498,19.6,C
INV00184,PROD063,FACT12,2024-11-01,7663,2395,5268,1238,5471,293.1,B
INV00185,PROD058,FACT10,2023-05-01,8536,1051,7485,1088,3178,82.4,B
INV00186,PROD097,FACT01,2024-02-01,433,157,276,59,170,3.3,C
INV00187,PROD050,FACT06,2023-02-01,4654,950,3704,541,1533,69.9,C
INV00188,PROD008,FACT02,2024-09-01,2413,264,2149,486,1290,27.7,D
INV00189,PROD120,FACT05,2023-12-01,1423,442,981,335,1284,23.5,C
INV00190,PROD051,FACT03,2024-02-01,6338,474,5864,1818,4963,63.3,D
INV00191,PROD101,FACT06,2023-05-01,7157,831,6326,1790,8600,74.7,D
INV00192,PROD120,FACT09,2024-09-01,9175,1564,7611,1988,6039,61.6,D
INV00193,PROD042,FACT12,2024-06-01,2281,1357,924,622,2256,4.9,C
INV00194,PROD094,FACT03,2024-06-01,2646,1309,1337,737,2379,32.5,C
INV00195,PROD063,FACT09,2024-04-01,4159,1447,2712,1008,4927,31.4,C
INV00196,PROD031,FACT05,2023-05-01,4573,814,3759,509,1665,32.8,C
INV00197,PROD105,FACT02,2023-02-01,2992,1004,1988,474,1750,17.8,D
INV00198,PROD059,FACT10,2024-06-01,948,386,562,159,682,4.2,C
INV00199,PROD082,FACT12,2024-10-01,3773,198,3575,1130,2841,62.4,D
INV00200,PROD095,FACT10,2023-03-01,4048,2402,1646,781,1638,12.8,D
INV00201,PROD090,FACT10,2023-09-01,8885,3507,5378,2242,7544,121.6,D
INV00202,PROD088,FACT10,2023-06-01,7298,4332,2966,1918,7004,100.7,B
INV00203,PROD051,FACT12,2024-06-01,5556,1711,3845,1282,3668,23.0,A
INV00204,PROD057,FACT09,2023-01-01,4334,1703,2631,449,1521,27.0,D
INV00205,PROD005,FACT03,2024-06-01,4235,1287,2948,440,1692,35.7,D
INV00206,PROD117,FACT09,2024-10-01,2597,143,2454,685,3370,13.2,A
INV00207,PROD075,FACT06,2023-02-01,3405,1762,1643,844,3212,11.5,B
INV00208,PROD052,FACT01,2024-11-01,9811,2913,6898,2033,6804,50.3,C
INV00209,PROD088,FACT01,2024-11-01,674,208,466,101,209,10.9,B
INV00210,PROD065,FACT11,2024-05-01,4435,1100,3335,520,1525,72.8,C
INV00211,PROD012,FACT03,2023-12-01,454,131,323,60,185,3.3,A
INV00212,PROD102,FACT05,2024-10-01,1381,620,761,298,1022,5.8,B
INV00213,PROD023,FACT06,2024-09-01,9035,3933,5102,1890,8215,62.2,A
INV00214,PROD120,FACT05,2024-12-01,1296,641,655,374,1619,37.4,B
INV00215,PROD052,FACT08,2024-12-01,1940,1137,803,565,2563,5.8,B
INV00216,PROD108,FACT06,2023-02-01,5941,1575,4366,1279,3671,28.0,A
INV00217,PROD089,FACT02,2023-01-01,1806,427,1379,485,1474,7.3,A
INV00218,PROD063,FACT05,2023-10-01,1032,332,700,271,664,8.3,A
INV00219,PROD076,FACT12,2024-10-01,268,36,232,67,306,4.2,C
INV00220,PROD003,FACT07,2023-02-01,384,179,205,72,285,1.1,A
INV00221,PROD024,FACT02,2023-05-01,5353,1979,3374,952,2125,23.4,D
INV00222,PROD090,FACT05,2024-05-01,4996,831,4165,764,2224,238.3,D
INV00223,PROD079,FACT12,2023-01-01,1601,841,760,460,1131,6.4,A
INV00224,PROD095,FACT05,2024-02-01,9173,3582,5591,2448,12014,529.3,A
INV00225,PROD107,FACT08,2024-09-01,5618,386,5232,761,2263,106.4,B
INV00226,PROD042,FACT09,2023-06-01,8316,1315,7001,1251,4365,371.7,D
INV00227,PROD021,FACT03,2023-11-01,2600,1404,1196,562,1660,26.6,C
INV00228,PROD085,FACT12,2023-07-01,2416,627,1789,441,1509,17.8,B
INV00229,PROD119,FACT04,2024-08-01,6150,3637,2513,878,4386,39.7,C
INV00230,PROD085,FACT12,2024-08-01,4020,1372,2648,1038,2971,119.5,A
INV00231,PROD119,FACT09,2024-09-01,8083,1328,6755,811,2310,68.2,B
INV00232,PROD112,FACT09,2024-10-01,8384,3158,5226,1414,4403,36.5,D
INV00233,PROD025,FACT03,2024-12-01,2207,235,1972,631,1583,128.4,B
INV00234,PROD012,FACT02,2023-09-01,8679,4289,4390,2188,9227,24.8,C
INV00235,PROD048,FACT11,2024-11-01,3679,1454,2225,663,2081,16.8,D
INV00236,PROD101,FACT12,2023-03-01,5577,3236,2341,1594,5966,22.0,C
INV00237,PROD082,FACT12,2023-06-01,4342,1865,2477,1216,4844,30.1,D
INV00238,PROD074,FACT07,2023-09-01,4101,316,3785,453,954,46.3,A
INV00239,PROD070,FACT04,2023-06-01,552,172,380,69,271,5.4,A
INV00240,PROD057,FACT03,2023-10-01,2080,712,1368,369,1328,49.6,A
INV00241,PROD029,FACT02,2024-12-01,7113,3942,3171,2033,4571,155.0,D
INV00242,PROD029,FACT10,2023-08-01,1303,375,928,350,831,14.2,B
INV00243,PROD093,FACT11,2024-08-01,3678,1385,2293,403,1339,17.0,A
INV00244,PROD046,FACT12,2024-04-01,6108,930,5178,1237,3759,84.6,D
INV00245,PROD110,FACT08,2023-07-01,3050,563,2487,744,2464,15.2,D
INV00246,PROD009,FACT07,2024-11-01,945,332,613,147,574,7.7,A
INV00247,PROD032,FACT11,2024-11-01,5640,2444,3196,1379,3397,25.0,D
INV00248,PROD112,FACT11,2024-12-01,7772,2250,5522,1352,5391,61.9,D
INV00249,PROD013,FACT05,2024-06-01,5186,1493,3693,803,3577,36.2,A
INV00250,PROD110,FACT07,2024-06-01,3,1,2,1,2,0.0,B
INV00251,PROD053,FACT01,2024-03-01,7508,3258,4250,2179,6767,40.4,C
INV00252,PROD075,FACT09,2024-10-01,5253,278,4975,1476,4170,187.2,B
INV00253,PROD098,FACT08,2023-06-01,3521,1169,2352,996,3283,29.2,D
INV00254,PROD054,FACT11,2023-05-01,5075,264,4811,1439,5534,52.1,D
INV00255,PROD116,FACT04,2024-06-01,8236,3100,5136,1117,2863,36.1,D
INV00256,PROD116,FACT01,2023-08-01,3725,250,3475,1040,2498,41.8,A
INV00257,PROD029,FACT12,2023-03-01,2899,1644,1255,413,1729,9.3,C
INV00258,PROD051,FACT04,2024-04-01,449,140,309,120,487,7.9,D
INV00259,PROD076,FACT01,2024-05-01,8558,3648,4910,1783,6031,495.0,D
INV00260,PROD049,FACT06,2024-05-01,310,161,149,46,161,1.4,B
INV00261,PROD095,FACT08,2023-12-01,4772,856,3916,858,2411,40.2,D
INV00262,PROD041,FACT11,2024-11-01,5391,1871,3520,1006,3005,26.0,D
INV00263,PROD086,FACT05,2023-07-01,1502,788,714,370,1095,10.8,A
INV00264,PROD090,FACT09,2024-10-01,8442,2919,5523,1867,7802,510.3,B
INV00265,PROD107,FACT10,2024-10-01,5465,1454,4011,1439,5277,27.5,B
INV00266,PROD012,FACT02,2024-09-01,254,64,190,46,193,1.0,D
INV00267,PROD035,FACT12,2023-06-01,513,134,379,128,483,4.6,A
INV00268,PROD113,FACT02,2023-02-01,350,136,214,90,327,1.7,A
INV00269,PROD102,FACT04,2023-05-01,3744,281,3463,422,1250,31.1,C
INV00270,PROD004,FACT06,2023-02-01,2880,802,2078,504,1606,18.0,C
INV00271,PROD045,FACT06,2023-03-01,3378,1210,2168,936,4364,12.4,D
INV00272,PROD049,FACT06,2023-05-01,9787,4722,5065,2359,8794,34.1,C
INV00273,PROD074,FACT06,2024-05-01,9899,3380,6519,1818,6496,42.0,A
INV00274,PROD116,FACT01,2024-07-01,8295,4640,3655,1133,2447,162.0,B
INV00275,PROD018,FACT01,2023-10-01,9134,2686,6448,1090,4374,191.9,C
INV00276,PROD046,FACT12,2023-12-01,4650,1897,2753,678,2751,20.5,D
INV00277,PROD112,FACT03,2024-10-01,6958,415,6543,1036,4219,59.3,A
INV00278,PROD083,FACT02,2024-06-01,5348,969,4379,931,2117,28.1,C
INV00279,PROD058,FACT07,2024-07-01,5307,2646,2661,718,2083,114.9,A
INV00280,PROD015,FACT06,2024-01-01,5539,2063,3476,716,2229,30.1,B
INV00281,PROD058,FACT05,2023-08-01,4004,2284,1720,1076,4820,17.2,A
INV00282,PROD023,FACT08,2023-03-01,6661,3091,3570,999,4937,20.8,D
INV00283,PROD023,FACT02,2024-11-01,3869,1150,2719,821,2664,65.5,C
INV00284,PROD085,FACT11,2023-12-01,6244,2986,3258,873,3198,44.6,A
INV00285,PROD026,FACT12,2023-04-01,2267,697,1570,450,910,45.7,B
INV00286,PROD109,FACT07,2024-02-01,2185,506,1679,339,687,18.0,C
INV00287,PROD034,FACT10,2023-07-01,4763,362,4401,559,1243,24.9,C
INV00288,PROD041,FACT04,2024-09-01,2309,1215,1094,684,2844,8.1,D
INV00289,PROD077,FACT11,2024-01-01,4680,1312,3368,897,2273,22.4,B
INV00290,PROD057,FACT12,2023-12-01,9779,4174,5605,1747,7466,241.6,A
INV00291,PROD025,FACT03,2024-03-01,9297,1247,8050,1300,4284,86.4,B
INV00292,PROD054,FACT01,2023-02-01,6649,3364,3285,1324,6024,19.5,B
INV00293,PROD044,FACT10,2024-10-01,4566,2298,2268,1037,4782,13.5,B
INV00294,PROD097,FACT02,2023-01-01,7450,2348,5102,1199,5563,25.8,A
INV00295,PROD092,FACT07,2023-06-01,8131,3412,4719,1594,5787,43.9,C
INV00296,PROD013,FACT03,2023-01-01,4876,1642,3234,719,3139,598.5,B
INV00297,PROD054,FACT11,2024-07-01,9162,3241,5921,1883,7505,32.8,A
INV00298,PROD027,FACT05,2023-10-01,8778,4730,4048,2260,5786,21.1,C
INV00299,PROD008,FACT11,2024-11-01,6290,3660,2630,705,2217,14.1,D
INV00300,PROD100,FACT03,2024-02-01,6304,1589,4715,1283,6270,30.3,A
INV00301,PROD118,FACT07,2023-02-01,717,167,550,129,557,11.9,B
INV00302,PROD043,FACT12,2023-09-01,1292,280,1012,148,413,31.5,B
INV00303,PROD120,FACT04,2023-03-01,7327,3472,3855,2111,6001,27.2,A
INV00304,PROD070,FACT08,2024-07-01,6700,2999,3701,1018,2812,114.3,A
INV00305,PROD077,FACT10,2024-02-01,6455,478,5977,1374,4103,31.3,B
INV00306,PROD084,FACT08,2024-04-01,7469,737,6732,1304,6240,73.2,A
INV00307,PROD055,FACT04,2023-07-01,5857,2375,3482,903,2980,316.3,B
INV00308,PROD064,FACT12,2023-01-01,3858,776,3082,793,2453,89.7,A
INV00309,PROD005,FACT02,2023-05-01,1123,113,1010,267,726,16.4,D
INV00310,PROD059,FACT07,2023-03-01,9406,2610,6796,2418,11310,47.8,C
INV00311,PROD109,FACT01,2024-05-01,2810,1497,1313,637,3104,8.8,D
INV00312,PROD027,FACT12,2024-11-01,1841,463,1378,378,1123,29.6,A
INV00313,PROD113,FACT09,2024-02-01,9024,3904,5120,2305,8874,38.9,D
INV00314,PROD115,FACT05,2024-04-01,6444,3514,2930,1311,6392,261.5,D
INV00315,PROD019,FACT10,2023-07-01,6984,1000,5984,2059,7203,238.8,C
INV00316,PROD065,FACT04,2023-09-01,6460,2489,3971,1327,4520,36.3,A
INV00317,PROD068,FACT04,2023-07-01,8412,4620,3792,1375,4927,26.7,D
INV00318,PROD066,FACT11,2024-03-01,5277,825,4452,999,2097,24.3,D
INV00319,PROD108,FACT12,2024-08-01,3245,1927,1318,643,1865,14.6,A
INV00320,PROD026,FACT12,2023-03-01,4093,1027,3066,641,2626,108.0,C
INV00321,PROD033,FACT09,2024-10-01,758,129,629,100,490,3.4,D
INV00322,PROD108,FACT01,2024-04-01,4163,2126,2037,775,2872,22.6,B
INV00323,PROD109,FACT04,2024-10-01,4307,1324,2983,1203,3093,29.2,C
INV00324,PROD038,FACT06,2024-06-01,7736,3240,4496,1169,3835,26.2,A
INV00325,PROD007,FACT08,2023-07-01,8638,2758,5880,1489,5167,49.3,B
INV00326,PROD093,FACT02,2024-05-01,3635,1468,2167,914,2245,34.0,B
INV00327,PROD116,FACT08,2024-06-01,4411,306,4105,514,1536,37.2,D
INV00328,PROD005,FACT09,2023-03-01,122,30,92,32,107,0.7,D
INV00329,PROD009,FACT08,2024-10-01,4474,1841,2633,1092,3042,14.7,A
INV00330,PROD013,FACT05,2023-11-01,5872,1426,4446,1233,3775,87.5,D
INV00331,PROD110,FACT12,2024-11-01,3667,1748,1919,520,1471,16.8,C
INV00332,PROD040,FACT11,2024-02-01,5771,3338,2433,684,2626,13.2,B
INV00333,PROD048,FACT01,2024-05-01,6649,469,6180,973,3635,445.7,C
INV00334,PROD046,FACT06,2024-07-01,5431,2826,2605,1370,5007,60.7,B
INV00335,PROD064,FACT01,2024-10-01,8055,1152,6903,2309,5288,95.2,A
INV00336,PROD064,FACT11,2024-08-01,6806,3774,3032,1685,4298,22.1,B
INV00337,PROD029,FACT04,2023-05-01,4499,2568,1931,925,2158,11.4,D
INV00338,PROD018,FACT09,2023-03-01,5078,1844,3234,1473,3226,73.8,A
INV00339,PROD030,FACT12,2024-04-01,6398,2005,4393,1700,4659,82.7,A
INV00340,PROD074,FACT05,2024-12-01,300,140,160,69,178,1.0,A
INV00341,PROD019,FACT07,2023-01-01,1526,847,679,164,685,20.0,B
INV00342,PROD048,FACT09,2023-11-01,5282,939,4343,832,3401,77.7,C
INV00343,PROD009,FACT04,2023-10-01,8007,2085,5922,1294,3370,40.0,D
INV00344,PROD085,FACT05,2023-07-01,1399,391,1008,237,592,27.0,C
INV00345,PROD001,FACT06,2024-04-01,6298,3245,3053,1120,2727,18.3,B
INV00346,PROD105,FACT01,2023-02-01,7631,956,6675,2197,6503,66.3,C
INV00347,PROD120,FACT10,2023-08-01,4340,1704,2636,1078,3107,28.6,C
INV00348,PROD090,FACT12,2024-03-01,9244,2246,6998,2204,4597,223.0,C
INV00349,PROD078,FACT05,2024-04-01,4294,2306,1988,796,2948,14.5,A
INV00350,PROD039,FACT10,2023-03-01,6095,1444,4651,1021,4793,26.2,B
INV00351,PROD093,FACT04,2024-08-01,9308,5472,3836,1153,4170,27.4,B
INV00352,PROD055,FACT01,2023-02-01,6583,386,6197,1255,2750,92.8,D
INV00353,PROD120,FACT04,2024-03-01,3288,598,2690,464,1763,19.0,D
INV00354,PROD107,FACT05,2024-02-01,7779,2346,5433,1386,4788,52.0,A
INV00355,PROD052,FACT09,2024-09-01,5231,999,4232,687,3243,24.7,B
INV00356,PROD071,FACT01,2023-09-01,1471,670,801,248,766,8.5,D
INV00357,PROD064,FACT06,2023-04-01,1114,555,559,121,515,10.9,D
INV00358,PROD024,FACT08,2024-11-01,5078,2202,2876,514,1087,116.2,A
INV00359,PROD027,FACT09,2023-08-01,1309,764,545,359,1495,9.1,D
INV00360,PROD106,FACT11,2023-10-01,5335,1605,3730,1218,2588,32.5,D
INV00361,PROD115,FACT05,2024-05-01,5071,2986,2085,1103,3347,54.6,D
INV00362,PROD066,FACT02,2023-06-01,3334,395,2939,676,3275,230.4,D
INV00363,PROD066,FACT01,2023-05-01,1822,939,883,447,1837,9.5,C
INV00364,PROD119,FACT05,2023-10-01,5237,373,4864,1295,6184,66.9,A
INV00365,PROD062,FACT11,2024-05-01,4147,1421,2726,1190,4150,31.3,A
INV00366,PROD016,FACT03,2024-04-01,9721,3076,6645,1447,5526,71.0,C
INV00367,PROD012,FACT06,2024-11-01,2552,1330,1222,656,2331,7.9,D
INV00368,PROD040,FACT09,2024-05-01,7931,3453,4478,2365,8128,23.3,B
INV00369,PROD090,FACT11,2024-06-01,4985,1459,3526,527,1968,62.8,D
INV00370,PROD010,FACT01,2024-08-01,7483,4060,3423,1308,2769,18.1,C
INV00371,PROD064,FACT04,2023-09-01,6492,3488,3004,1215,3107,60.6,D
INV00372,PROD055,FACT04,2023-11-01,6309,401,5908,1668,4410,38.8,A
INV00373,PROD079,FACT12,2023-02-01,2188,1158,1030,225,708,7.5,D
INV00374,PROD112,FACT07,2024-02-01,1197,407,790,263,869,52.0,B
INV00375,PROD089,FACT02,2024-03-01,9005,4605,4400,2508,10582,30.1,A
INV00376,PROD004,FACT08,2023-01-01,5968,894,5074,773,1930,28.1,D
INV00377,PROD090,FACT06,2023-01-01,2202,293,1909,271,1005,10.2,D
INV00378,PROD023,FACT04,2023-09-01,6553,2931,3622,1966,5538,26.1,B
INV00379,PROD101,FACT03,2023-12-01,9277,1869,7408,2460,8726,46.8,D
INV00380,PROD049,FACT10,2024-05-01,195,70,125,47,182,6.6,C
INV00381,PROD106,FACT12,2024-03-01,6727,2885,3842,1209,4531,105.4,B
INV00382,PROD004,FACT07,2023-04-01,8831,3406,5425,2391,6327,96.6,C
INV00383,PROD001,FACT09,2023-05-01,8587,3730,4857,2443,10086,44.7,B
INV00384,PROD065,FACT11,2024-02-01,9676,3785,5891,2385,9448,73.3,A
INV00385,PROD039,FACT02,2023-06-01,6323,1635,4688,1136,5448,35.2,B
INV00386,PROD003,FACT08,2023-06-01,8100,808,7292,1755,6849,79.3,B
INV00387,PROD112,FACT02,2024-07-01,1062,553,509,127,528,3.3,C
INV00388,PROD057,FACT11,2024-11-01,76,39,37,10,44,0.3,C
INV00389,PROD059,FACT12,2024-12-01,4887,260,4627,1254,2907,30.7,B
INV00390,PROD112,FACT06,2023-01-01,2860,1466,1394,303,1239,8.4,A
INV00391,PROD079,FACT08,2023-09-01,2823,376,2447,310,916,14.6,B
INV00392,PROD119,FACT01,2024-10-01,3201,746,2455,645,2883,15.6,D
INV00393,PROD107,FACT07,2023-01-01,6045,1677,4368,811,2790,244.6,B
INV00394,PROD118,FACT09,2023-04-01,8514,3608,4906,1352,5059,38.8,A
INV00395,PROD018,FACT06,2024-04-01,665,67,598,120,334,67.5,C
INV00396,PROD021,FACT06,2023-05-01,5648,2850,2798,1155,4564,18.6,D
INV00397,PROD056,FACT09,2024-04-01,8741,4969,3772,1370,2887,223.1,B
INV00398,PROD052,FACT02,2024-10-01,3906,2242,1664,768,3261,8.5,B
INV00399,PROD008,FACT04,2024-02-01,5981,601,5380,1042,2594,43.1,B
INV00400,PROD025,FACT11,2023-09-01,5582,3102,2480,649,1741,61.3,C
INV00401,PROD032,FACT08,2024-02-01,5191,1881,3310,1419,2842,34.4,A
INV00402,PROD120,FACT05,2024-04-01,7517,3381,4136,1175,3454,24.9,D
INV00403,PROD070,FACT09,2023-06-01,6463,3631,2832,1434,4538,70.6,A
INV00404,PROD114,FACT03,2024-05-01,9494,3926,5568,2031,5488,50.8,A
INV00405,PROD040,FACT06,2023-01-01,5131,1545,3586,717,1929,629.3,B
INV00406,PROD084,FACT06,2024-06-01,8550,2897,5653,906,4239,35.6,D
INV00407,PROD113,FACT03,2023-11-01,2810,1198,1612,763,2273,37.5,D
INV00408,PROD029,FACT06,2023-11-01,2031,1157,874,405,1688,10.9,C
INV00409,PROD069,FACT01,2023-12-01,3591,1937,1654,657,1782,15.3,D
INV00410,PROD035,FACT05,2023-02-01,3104,1140,1964,784,3471,59.1,A
INV00411,PROD083,FACT02,2024-04-01,4527,752,3775,483,1948,20.3,B
INV00412,PROD103,FACT08,2024-10-01,3424,824,2600,866,3697,27.0,B
INV00413,PROD076,FACT07,2023-10-01,7018,1747,5271,1276,4235,105.0,B
INV00414,PROD033,FACT07,2024-09-01,4338,907,3431,912,4230,23.1,A
INV00415,PROD099,FACT10,2024-02-01,7538,3473,4065,1888,5894,22.7,C
INV00416,PROD106,FACT04,2023-07-01,8472,4319,4153,1774,6746,22.7,C
INV00417,PROD102,FACT02,2023-08-01,4622,1044,3578,519,2035,40.2,D
INV00418,PROD112,FACT03,2023-10-01,521,269,252,128,622,3.4,B
INV00419,PROD046,FACT10,2023-10-01,5523,2507,3016,1421,3415,16.2,B
INV00420,PROD072,FACT04,2023-10-01,6524,1909,4615,1255,3021,301.6,B
INV00421,PROD102,FACT03,2024-02-01,5165,2243,2922,970,3285,19.3,B
INV00422,PROD031,FACT03,2024-07-01,8046,3807,4239,1210,5752,107.0,B
INV00423,PROD075,FACT01,2023-09-01,6779,2431,4348,1551,3203,45.4,D
INV00424,PROD068,FACT01,2024-05-01,2551,749,1802,705,1994,9.4,C
INV00425,PROD040,FACT08,2024-07-01,2176,231,1945,503,1434,16.4,C
INV00426,PROD069,FACT08,2023-02-01,7479,380,7099,1902,5544,66.3,A
INV00427,PROD042,FACT01,2024-03-01,8237,4658,3579,2203,4569,209.9,B
INV00428,PROD086,FACT04,2023-06-01,9146,1803,7343,1328,5945,124.3,C
INV00429,PROD044,FACT02,2024-04-01,2509,1040,1469,453,918,262.6,C
INV00430,PROD017,FACT01,2024-05-01,4540,2583,1957,850,2918,11.1,D
INV00431,PROD020,FACT02,2024-12-01,978,489,489,207,449,3.7,D
INV00432,PROD107,FACT01,2023-10-01,2823,331,2492,310,1363,89.0,A
INV00433,PROD116,FACT05,2023-12-01,6699,3290,3409,1458,6182,44.9,A
INV00434,PROD076,FACT10,2023-12-01,8017,3604,4413,944,3931,27.0,C
INV00435,PROD053,FACT12,2024-07-01,8832,2042,6790,2308,9714,209.8,A
INV00436,PROD044,FACT06,2023-06-01,7166,3076,4090,2097,10109,82.0,C
INV00437,PROD017,FACT12,2023-02-01,9332,4706,4626,1474,4791,41.8,D
INV00438,PROD116,FACT08,2024-09-01,387,81,306,78,358,9.2,A
INV00439,PROD027,FACT10,2024-06-01,2896,1529,1367,766,1955,17.2,C
INV00440,PROD023,FACT08,2023-07-01,7553,705,6848,1231,4129,34.8,C
INV00441,PROD118,FACT04,2023-05-01,3326,1131,2195,438,888,19.8,D
INV00442,PROD058,FACT03,2024-12-01,9141,1630,7511,2265,6461,53.0,C
INV00443,PROD069,FACT12,2024-10-01,1321,595,726,317,1070,5.4,B
INV00444,PROD113,FACT05,2023-08-01,9772,1428,8344,2091,9886,180.3,B
INV00445,PROD056,FACT08,2023-12-01,5732,1363,4369,1656,4887,25.7,C
INV00446,PROD092,FACT05,2024-11-01,2842,341,2501,827,3322,86.8,A
INV00447,PROD101,FACT10,2023-01-01,3750,1862,1888,1021,4596,10.2,B
INV00448,PROD094,FACT07,2024-03-01,920,113,807,146,435,17.1,B
INV00449,PROD045,FACT04,2024-01-01,8988,4024,4964,1304,3270,26.0,B
INV00450,PROD029,FACT02,2023-10-01,6509,2857,3652,1739,6562,22.7,B
INV00451,PROD014,FACT09,2024-06-01,7701,988,6713,1773,5059,175.1,A
INV00452,PROD008,FACT11,2024-06-01,9586,3464,6122,1718,6799,168.7,D
INV00453,PROD046,FACT10,2023-07-01,443,143,300,81,195,14.0,A
INV00454,PROD027,FACT02,2024-03-01,345,130,215,93,228,4.0,D
INV00455,PROD070,FACT02,2023-05-01,1715,970,745,227,914,5.6,B
INV00456,PROD007,FACT08,2023-05-01,4692,442,4250,1355,6668,39.9,B
INV00457,PROD026,FACT10,2023-01-01,1641,823,818,372,1020,6.6,A
INV00458,PROD042,FACT06,2023-06-01,1159,608,551,299,1238,49.8,A
INV00459,PROD030,FACT05,2024-04-01,8564,1023,7541,1492,5365,366.2,D
INV00460,PROD081,FACT03,2023-08-01,321,132,189,70,317,1.4,A
INV00461,PROD006,FACT07,2023-04-01,1739,758,981,435,1377,5.8,C
INV00462,PROD067,FACT08,2024-01-01,3184,1120,2064,595,2925,27.5,A
INV00463,PROD083,FACT09,2024-07-01,2065,674,1391,408,917,37.1,B
INV00464,PROD083,FACT11,2023-10-01,7822,1758,6064,1693,8387,93.1,A
INV00465,PROD054,FACT02,2024-05-01,770,330,440,87,395,5.2,B
INV00466,PROD088,FACT08,2024-08-01,6996,1449,5547,1907,8771,43.4,C
INV00467,PROD092,FACT05,2024-06-01,8786,2662,6124,2402,10874,72.2,B
INV00468,PROD035,FACT01,2023-05-01,5434,2834,2600,849,3893,14.5,A
INV00469,PROD035,FACT10,2023-12-01,7862,780,7082,2170,9647,85.1,D
INV00470,PROD005,FACT07,2023-01-01,8313,2831,5482,2070,9726,135.8,C
INV00471,PROD102,FACT07,2024-09-01,8202,2603,5599,1613,5456,104.8,C
INV00472,PROD006,FACT10,2023-01-01,6097,1574,4523,1034,4982,47.3,A
INV00473,PROD119,FACT12,2023-03-01,6324,2395,3929,1138,3590,24.9,C
INV00474,PROD093,FACT03,2023-07-01,6556,384,6172,1356,5676,35.4,B
INV00475,PROD023,FACT11,2024-09-01,387,124,263,71,293,6.4,D
INV00476,PROD109,FACT03,2023-11-01,219,69,150,40,179,26.4,A
INV00477,PROD059,FACT04,2024-08-01,9352,3122,6230,1315,5543,35.7,C
INV00478,PROD051,FACT05,2024-09-01,6456,1077,5379,1560,3286,108.7,B
INV00479,PROD062,FACT05,2024-03-01,7942,1304,6638,1762,7431,40.2,B
INV00480,PROD101,FACT05,2023-03-01,430,175,255,128,265,2.3,C
INV00481,PROD032,FACT06,2023-08-01,5831,589,5242,748,2693,62.6,A
INV00482,PROD001,FACT01,2023-03-01,1433,313,1120,176,795,33.3,B
INV00483,PROD049,FACT07,2024-10-01,9389,4760,4629,1908,8564,34.0,C
INV00484,PROD098,FACT12,2024-11-01,9527,1020,8507,1242,5619,51.7,A
INV00485,PROD108,FACT04,2024-01-01,6409,1970,4439,1424,5421,46.8,A
INV00486,PROD028,FACT05,2023-02-01,4778,1996,2782,665,1697,30.2,B
INV00487,PROD114,FACT08,2024-11-01,4647,594,4053,914,3221,26.6,A
INV00488,PROD071,FACT08,2023-03-01,7651,1697,5954,1701,6036,58.1,D
INV00489,PROD037,FACT12,2024-07-01,441,158,283,84,250,1.8,B
INV00490,PROD029,FACT05,2024-03-01,5918,1361,4557,971,3177,293.0,A
INV00491,PROD019,FACT11,2024-09-01,489,54,435,125,577,2.5,D
INV00492,PROD112,FACT03,2024-03-01,3020,537,2483,818,2907,44.3,D
INV00493,PROD119,FACT10,2024-08-01,3768,415,3353,586,2411,88.3,B
INV00494,PROD108,FACT08,2023-07-01,5304,3134,2170,1393,4858,192.1,C
INV00495,PROD019,FACT02,2023-03-01,4994,897,4097,891,3433,24.4,A
INV00496,PROD051,FACT12,2024-05-01,1692,578,1114,334,761,66.6,D
INV00497,PROD084,FACT09,2023-02-01,3543,1012,2531,519,2488,13.2,B
INV00498,PROD117,FACT06,2024-04-01,8748,3178,5570,1970,6516,48.4,A
INV00499,PROD015,FACT10,2023-11-01,2376,770,1606,286,1214,11.4,C
INV00500,PROD024,FACT04,2023-09-01,9729,4377,5352,2124,8499,36.5,A
INV00501,PROD105,FACT04,2023-11-01,398,211,187,119,523,3.0,C
INV00502,PROD061,FACT03,2024-12-01,8159,1688,6471,2045,4304,39.9,A
INV00503,PROD053,FACT11,2024-11-01,4753,718,4035,1326,6373,21.3,A
INV00504,PROD072,FACT05,2023-05-01,5878,3476,2402,1134,5091,31.1,C
INV00505,PROD115,FACT06,2024-01-01,3740,1969,1771,480,2161,10.5,C
INV00506,PROD059,FACT10,2024-07-01,7463,1867,5596,1177,4003,36.0,B
INV00507,PROD007,FACT03,2024-01-01,9952,5395,4557,1093,4797,38.0,B
INV00508,PROD083,FACT09,2023-02-01,5433,2275,3158,1089,4057,41.2,C
INV00509,PROD092,FACT08,2024-10-01,5446,1583,3863,1252,4395,44.9,D
INV00510,PROD076,FACT12,2023-02-01,9565,5073,4492,1769,7704,69.1,A
INV00511,PROD090,FACT06,2023-08-01,2266,955,1311,482,1872,14.9,C
INV00512,PROD099,FACT05,2023-05-01,7845,3958,3887,1288,2874,19.6,D
INV00513,PROD068,FACT11,2023-11-01,3740,1046,2694,438,1289,35.5,D
INV00514,PROD034,FACT03,2023-02-01,6814,3334,3480,1270,4910,25.8,B
INV00515,PROD007,FACT03,2023-06-01,1661,418,1243,348,1640,18.5,B
INV00516,PROD054,FACT08,2024-10-01,5992,2722,3270,1777,8528,34.1,A
INV00517,PROD091,FACT06,2024-12-01,2714,786,1928,460,2078,90.4,B
INV00518,PROD067,FACT10,2023-12-01,2202,601,1601,519,1434,10.4,A
INV00519,PROD097,FACT11,2023-06-01,1653,807,846,437,1495,6.3,C
INV00520,PROD012,FACT06,2024-04-01,1026,122,904,171,564,12.4,A
INV00521,PROD058,FACT04,2024-07-01,7836,4392,3444,2241,7431,32.1,B
INV00522,PROD083,FACT03,2024-12-01,4966,1638,3328,833,1790,19.0,B
INV00523,PROD052,FACT06,2024-06-01,2035,814,1221,598,1508,89.4,D
INV00524,PROD081,FACT01,2023-09-01,652,178,474,65,160,2.5,B
INV00525,PROD056,FACT11,2024-10-01,9275,3759,5516,2104,8104,57.0,D
INV00526,PROD082,FACT05,2024-05-01,8787,3870,4917,2267,7335,28.5,B
INV00527,PROD003,FACT07,2024-08-01,8002,4222,3780,1248,3711,21.9,D
INV00528,PROD013,FACT01,2024-05-01,848,441,407,105,350,24.7,A
INV00529,PROD096,FACT10,2023-03-01,7034,1736,5298,738,2194,33.7,A
INV00530,PROD063,FACT12,2024-03-01,5934,2307,3627,682,2914,24.5,A
INV00531,PROD005,FACT04,2023-10-01,7328,3512,3816,1529,3824,284.3,D
INV00532,PROD025,FACT02,2024-10-01,6661,3135,3526,1784,3868,18.7,A
INV00533,PROD086,FACT01,2024-07-01,2933,1584,1349,330,1304,10.5,C
INV00534,PROD115,FACT01,2023-05-01,6591,3345,3246,808,2175,86.2,A
INV00535,PROD115,FACT12,2024-12-01,8680,3861,4819,877,3447,166.1,A
INV00536,PROD072,FACT07,2024-12-01,6598,3047,3551,1032,2245,31.0,D
INV00537,PROD052,FACT06,2024-01-01,8005,3955,4050,2275,6236,245.9,A
INV00538,PROD080,FACT07,2023-04-01,2994,1529,1465,465,1145,39.5,B
INV00539,PROD096,FACT01,2024-02-01,2370,578,1792,446,1281,9.4,D
INV00540,PROD005,FACT10,2024-09-01,4964,2383,2581,674,2013,17.2,A
INV00541,PROD100,FACT12,2024-08-01,9621,5504,4117,1186,4134,33.0,C
INV00542,PROD059,FACT03,2023-07-01,6935,1235,5700,946,3368,124.7,D
INV00543,PROD025,FACT07,2023-06-01,1228,94,1134,174,677,23.8,A
INV00544,PROD080,FACT10,2023-11-01,6092,547,5545,768,2300,60.3,C
INV00545,PROD088,FACT10,2023-11-01,320,54,266,83,298,1.7,D
INV00546,PROD014,FACT09,2024-06-01,3826,2127,1699,748,3718,294.6,B
INV00547,PROD077,FACT06,2023-07-01,936,112,824,195,513,60.4,B
INV00548,PROD087,FACT08,2024-07-01,2147,990,1157,376,924,6.6,A
INV00549,PROD052,FACT09,2024-12-01,6943,3658,3285,987,4469,20.1,C
INV00550,PROD025,FACT07,2023-03-01,9796,5218,4578,1164,3761,32.6,B
INV00551,PROD091,FACT09,2023-09-01,2032,567,1465,234,1063,14.3,C
INV00552,PROD072,FACT11,2024-02-01,4422,1426,2996,606,1984,90.0,B
INV00553,PROD056,FACT10,2024-05-01,241,55,186,65,134,7.5,D
INV00554,PROD082,FACT04,2024-10-01,5151,675,4476,738,2306,24.7,B
INV00555,PROD037,FACT09,2024-11-01,6683,1114,5569,1143,4378,70.0,C
INV00556,PROD070,FACT09,2023-03-01,5472,679,4793,1174,3924,34.1,C
INV00557,PROD006,FACT02,2023-06-01,8941,2451,6490,1809,6111,69.1,A
INV00558,PROD025,FACT11,2023-11-01,6796,977,5819,1585,7917,39.4,D
INV00559,PROD020,FACT09,2024-01-01,4060,1104,2956,564,2049,69.2,B
INV00560,PROD023,FACT03,2024-02-01,9649,5000,4649,1976,8083,46.7,D
INV00561,PROD057,FACT11,2023-03-01,1309,537,772,332,1382,9.8,D
INV00562,PROD053,FACT07,2023-09-01,9761,4046,5715,1733,3467,108.3,C
INV00563,PROD059,FACT11,2023-06-01,7725,3836,3889,2274,8317,32.0,A
INV00564,PROD118,FACT12,2023-11-01,3072,223,2849,662,3237,26.0,D
INV00565,PROD081,FACT03,2023-08-01,2465,1200,1265,579,2462,12.4,C
INV00566,PROD096,FACT12,2024-08-01,4282,677,3605,821,2480,30.0,B
INV00567,PROD061,FACT11,2023-08-01,1926,463,1463,523,1618,44.6,C
INV00568,PROD055,FACT05,2024-09-01,4544,997,3547,865,2518,45.9,A
INV00569,PROD080,FACT12,2024-03-01,2729,295,2434,787,3062,35.6,C
INV00570,PROD101,FACT02,2024-03-01,977,142,835,158,362,5.4,D
INV00571,PROD020,FACT10,2023-08-01,8162,4701,3461,2230,6400,289.2,C
INV00572,PROD003,FACT10,2024-01-01,4849,1843,3006,1105,3862,50.1,C
INV00573,PROD065,FACT03,2024-03-01,9490,2948,6542,2466,8892,35.5,C
INV00574,PROD037,FACT10,2024-04-01,5004,2336,2668,538,2056,42.0,D
INV00575,PROD035,FACT04,2023-02-01,8214,4087,4127,1277,5608,119.2,A
INV00576,PROD120,FACT10,2023-03-01,1109,123,986,299,744,6.5,B
INV00577,PROD016,FACT12,2024-04-01,2979,1363,1616,488,1305,112.8,D
INV00578,PROD112,FACT12,2023-10-01,1976,1112,864,479,2212,9.8,B
INV00579,PROD004,FACT06,2024-08-01,7000,2604,4396,2089,9387,25.6,B
INV00580,PROD003,FACT11,2023-01-01,7906,3066,4840,1071,4782,25.3,D
INV00581,PROD108,FACT06,2023-05-01,9354,4946,4408,1717,4509,82.3,D
INV00582,PROD017,FACT03,2023-03-01,7976,3380,4596,1061,2307,73.2,D
INV00583,PROD044,FACT03,2023-07-01,2282,1363,919,299,1068,7.9,D
INV00584,PROD063,FACT09,2024-06-01,773,159,614,175,807,12.5,A
INV00585,PROD106,FACT10,2024-02-01,9065,4669,4396,1253,3399,127.8,A
INV00586,PROD098,FACT02,2024-02-01,3049,1179,1870,599,2823,21.2,C
INV00587,PROD042,FACT04,2024-02-01,9201,2311,6890,2720,6595,361.0,B
INV00588,PROD098,FACT05,2023-01-01,5932,3178,2754,988,2860,15.4,B
INV00589,PROD017,FACT08,2024-06-01,1744,1043,701,479,1387,10.0,D
INV00590,PROD024,FACT08,2023-03-01,2275,186,2089,408,1001,29.6,D
INV00591,PROD037,FACT06,2024-09-01,9912,5541,4371,1512,6983,27.4,B
INV00592,PROD002,FACT02,2024-10-01,8273,1338,6935,1384,4481,96.9,D
INV00593,PROD120,FACT10,2024-12-01,672,109,563,84,216,3.7,A
INV00594,PROD014,FACT10,2024-01-01,4113,300,3813,970,2368,94.5,C
INV00595,PROD010,FACT01,2024-08-01,1030,574,456,208,679,4.2,C
INV00596,PROD015,FACT07,2024-03-01,1220,571,649,272,558,4.2,B
INV00597,PROD037,FACT10,2024-08-01,4830,383,4447,776,1834,48.0,A
INV00598,PROD058,FACT01,2024-06-01,73,29,44,17,34,2.3,A
INV00599,PROD046,FACT11,2023-03-01,8604,999,7605,1144,2372,51.1,D
INV00600,PROD053,FACT03,2024-07-01,8604,3986,4618,1983,9899,45.6,D
INV00601,PROD082,FACT09,2024-03-01,8451,2324,6127,982,3286,91.9,D
INV00602,PROD056,FACT06,2024-06-01,1088,85,1003,196,821,5.1,C
INV00603,PROD109,FACT08,2023-01-01,5191,2628,2563,1152,4851,14.6,C
INV00604,PROD013,FACT12,2024-06-01,987,360,627,268,1244,50.7,A
INV00605,PROD035,FACT09,2023-05-01,5851,2780,3071,1536,3550,25.4,A
INV00606,PROD036,FACT07,2024-12-01,9346,3935,5411,1920,6868,73.0,A
INV00607,PROD101,FACT08,2024-09-01,7743,2237,5506,2142,6351,447.9,D
INV00608,PROD074,FACT04,2023-12-01,2801,1216,1585,564,2056,220.0,C
INV00609,PROD093,FACT05,2024-07-01,65,4,61,13,39,0.5,D
INV00610,PROD034,FACT07,2024-11-01,5720,1355,4365,1396,3561,64.7,D
INV00611,PROD024,FACT09,2024-08-01,6968,3329,3639,1920,7715,25.6,C
INV00612,PROD053,FACT08,2024-11-01,1380,648,732,304,643,7.8,D
INV00613,PROD027,FACT07,2024-12-01,5578,3001,2577,1611,7549,16.7,C
INV00614,PROD073,FACT04,2024-07-01,9069,3501,5568,1329,3241,34.0,B
INV00615,PROD073,FACT11,2023-01-01,1062,603,459,303,1165,3.4,A
INV00616,PROD074,FACT01,2024-12-01,6779,2418,4361,978,4169,50.4,B
INV00617,PROD012,FACT01,2024-10-01,9336,3037,6299,1917,4253,31.9,A
INV00618,PROD015,FACT12,2023-03-01,4691,743,3948,1216,5727,60.9,A
INV00619,PROD003,FACT05,2023-01-01,6352,3039,3313,1654,5075,31.4,B
INV00620,PROD028,FACT07,2024-12-01,2822,1215,1607,439,2191,15.1,C
INV00621,PROD009,FACT11,2024-05-01,1424,432,992,423,933,11.2,D
INV00622,PROD039,FACT12,2023-09-01,5923,580,5343,688,2855,186.3,B
INV00623,PROD030,FACT08,2023-05-01,9083,1082,8001,971,2410,108.1,A
INV00624,PROD057,FACT07,2023-05-01,8925,1008,7917,2395,7683,168.6,C
INV00625,PROD023,FACT04,2023-11-01,0,0,0,0,0,0.0,B
INV00626,PROD030,FACT11,2024-09-01,7243,995,6248,1757,5655,47.0,C
INV00627,PROD064,FACT07,2024-05-01,3663,1917,1746,990,2983,28.6,B
INV00628,PROD016,FACT06,2024-04-01,6811,3710,3101,868,3734,26.9,B
INV00629,PROD120,FACT08,2023-05-01,4845,2525,2320,577,2573,13.5,C
INV00630,PROD036,FACT09,2023-12-01,2850,1097,1753,838,2520,9.4,C
INV00631,PROD030,FACT01,2024-02-01,895,338,557,201,693,28.4,C
INV00632,PROD046,FACT02,2023-10-01,7677,4146,3531,2180,7118,22.3,C
INV00633,PROD101,FACT08,2024-01-01,2672,731,1941,752,2843,10.0,B
INV00634,PROD080,FACT07,2024-03-01,4210,355,3855,971,2380,40.1,D
INV00635,PROD092,FACT07,2023-06-01,3755,1159,2596,847,3741,13.0,C
INV00636,PROD118,FACT03,2023-05-01,1664,590,1074,286,1256,5.6,B
INV00637,PROD020,FACT07,2024-04-01,7474,2632,4842,970,3658,36.4,C
INV00638,PROD078,FACT04,2023-06-01,9433,1297,8136,2239,9490,47.8,D
INV00639,PROD109,FACT10,2024-11-01,7824,3762,4062,2062,10239,64.7,B
INV00640,PROD056,FACT10,2023-11-01,8228,3724,4504,1719,8195,24.5,D
INV00641,PROD093,FACT02,2024-09-01,3685,650,3035,406,1557,25.2,B
INV00642,PROD110,FACT01,2023-09-01,8834,3120,5714,1139,4025,54.7,B
INV00643,PROD037,FACT08,2024-09-01,2446,1186,1260,294,1059,7.5,C
INV00644,PROD083,FACT05,2023-05-01,6852,372,6480,1587,5396,36.3,D
INV00645,PROD081,FACT10,2023-11-01,3988,803,3185,849,2921,22.5,A
INV00646,PROD062,FACT04,2023-06-01,5928,1835,4093,1146,4809,414.2,D
INV00647,PROD065,FACT09,2024-12-01,5934,3055,2879,1238,6161,23.7,A
INV00648,PROD029,FACT05,2024-05-01,8226,4026,4200,1277,2728,25.4,D
INV00649,PROD093,FACT10,2023-09-01,1926,256,1670,503,1353,15.0,C
INV00650,PROD088,FACT02,2023-08-01,6631,2019,4612,1099,2891,24.6,D
INV00651,PROD083,FACT09,2023-07-01,1759,383,1376,403,1813,7.6,D
INV00652,PROD043,FACT10,2023-05-01,4605,1247,3358,820,2673,31.0,A
INV00653,PROD074,FACT07,2024-05-01,2676,929,1747,306,1094,20.9,A
INV00654,PROD036,FACT09,2024-11-01,2965,963,2002,449,1530,127.2,D
INV00655,PROD119,FACT05,2023-09-01,7790,996,6794,2283,10413,52.9,C
INV00656,PROD017,FACT07,2024-07-01,9452,1105,8347,1305,4566,146.8,A
INV00657,PROD054,FACT08,2023-12-01,1382,168,1214,167,669,9.0,C
INV00658,PROD017,FACT12,2023-08-01,9776,5012,4764,1547,3184,29.6,A
INV00659,PROD032,FACT04,2024-04-01,6921,422,6499,1907,7547,76.7,B
INV00660,PROD016,FACT08,2024-02-01,2645,427,2218,426,1160,275.9,B
INV00661,PROD051,FACT07,2024-02-01,3499,2015,1484,642,2954,8.5,B
INV00662,PROD116,FACT03,2024-07-01,7090,612,6478,1149,4889,57.8,B
INV00663,PROD059,FACT11,2023-03-01,4497,315,4182,1339,3117,63.0,B
INV00664,PROD110,FACT11,2023-07-01,6083,1600,4483,1825,4217,34.9,B
INV00665,PROD023,FACT08,2023-06-01,9964,1327,8637,1958,5637,63.3,C
INV00666,PROD016,FACT04,2023-05-01,7010,2532,4478,1801,4282,132.7,C
INV00667,PROD032,FACT02,2024-04-01,6437,1521,4916,927,3913,37.5,A
INV00668,PROD066,FACT09,2023-11-01,8428,1390,7038,1474,7312,115.6,D
INV00669,PROD104,FACT08,2024-11-01,4937,2958,1979,1164,4616,12.2,D
INV00670,PROD070,FACT04,2023-01-01,6890,1637,5253,1084,2978,27.9,D
INV00671,PROD074,FACT03,2023-10-01,3500,1409,2091,507,1872,83.6,D
INV00672,PROD098,FACT03,2024-05-01,8650,4591,4059,2460,10866,22.1,B
INV00673,PROD062,FACT06,2024-09-01,9864,5497,4367,1468,7174,24.1,D
INV00674,PROD030,FACT02,2024-12-01,8376,2308,6068,937,1888,84.4,B
INV00675,PROD115,FACT11,2024-11-01,4177,2451,1726,1045,3732,162.5,D
INV00676,PROD036,FACT03,2023-07-01,312,140,172,46,155,1.3,A
INV00677,PROD006,FACT01,2023-03-01,2990,1109,1881,568,1842,26.0,C
INV00678,PROD045,FACT10,2023-05-01,4618,1992,2626,565,1984,62.0,B
INV00679,PROD033,FACT05,2023-12-01,5637,1398,4239,641,2058,162.0,C
INV00680,PROD005,FACT03,2023-10-01,8096,2295,5801,1555,4715,134.2,D
INV00681,PROD056,FACT11,2023-03-01,5005,1864,3141,838,1965,61.2,C
INV00682,PROD028,FACT07,2024-04-01,1820,418,1402,366,1281,8.8,D
INV00683,PROD007,FACT09,2023-06-01,4198,1985,2213,1231,5494,14.0,C
INV00684,PROD110,FACT05,2024-04-01,5815,1094,4721,1055,2441,46.6,C
INV00685,PROD059,FACT02,2024-12-01,5956,2908,3048,1313,5535,27.0,D
INV00686,PROD019,FACT02,2023-08-01,3413,456,2957,408,1144,16.1,D
INV00687,PROD062,FACT12,2024-08-01,5278,895,4383,1463,4599,24.1,B
INV00688,PROD043,FACT04,2024-08-01,5874,2727,3147,1534,7615,18.9,C
INV00689,PROD050,FACT10,2023-09-01,4805,936,3869,983,3957,49.6,B
INV00690,PROD114,FACT12,2024-01-01,3272,1595,1677,447,1858,21.9,D
INV00691,PROD090,FACT09,2023-02-01,8221,3955,4266,1522,5795,23.9,D
INV00692,PROD053,FACT11,2023-09-01,3806,729,3077,607,1801,16.6,A
INV00693,PROD120,FACT02,2024-01-01,528,48,480,158,636,3.0,A
INV00694,PROD102,FACT05,2024-02-01,2793,395,2398,553,1865,15.7,A
INV00695,PROD038,FACT07,2024-12-01,7055,3273,3782,1301,5850,33.2,D
INV00696,PROD103,FACT10,2024-01-01,1502,775,727,201,746,10.2,C
INV00697,PROD017,FACT12,2024-07-01,7933,2068,5865,1173,5060,113.0,D
INV00698,PROD083,FACT04,2024-04-01,8992,1262,7730,2179,9905,238.8,D
INV00699,PROD027,FACT07,2024-06-01,6649,608,6041,1376,6142,41.1,A
INV00700,PROD037,FACT07,2024-04-01,753,127,626,129,414,4.0,C
INV00701,PROD007,FACT02,2023-02-01,5363,3158,2205,855,2656,29.4,B
INV00702,PROD038,FACT02,2023-01-01,3875,557,3318,543,2502,537.1,A
INV00703,PROD081,FACT02,2023-10-01,7799,760,7039,833,2024,37.4,D
INV00704,PROD029,FACT09,2024-02-01,771,372,399,228,647,4.4,D
INV00705,PROD051,FACT01,2024-05-01,7358,2858,4500,1844,4357,23.1,C
INV00706,PROD108,FACT06,2024-06-01,5362,1845,3517,1531,3255,25.7,B
INV00707,PROD103,FACT07,2023-07-01,8035,2381,5654,1466,5641,193.7,C
INV00708,PROD108,FACT09,2024-09-01,9407,4102,5305,2576,12113,77.2,C
INV00709,PROD081,FACT03,2024-05-01,6860,2978,3882,1038,2479,29.2,B
INV00710,PROD015,FACT09,2023-04-01,4386,1243,3143,886,3887,23.9,B
INV00711,PROD016,FACT07,2023-12-01,4761,851,3910,669,2099,77.8,A
INV00712,PROD097,FACT05,2024-10-01,8842,4533,4309,2246,8657,109.1,C
INV00713,PROD011,FACT12,2023-08-01,2113,297,1816,422,1811,30.8,A
INV00714,PROD033,FACT05,2023-02-01,9599,3299,6300,1989,8215,39.8,C
INV00715,PROD096,FACT07,2024-07-01,8593,3703,4890,2336,5630,93.7,C
INV00716,PROD109,FACT10,2024-02-01,2250,903,1347,558,1309,9.5,A
INV00717,PROD092,FACT06,2024-11-01,3343,1305,2038,980,4677,11.7,A
INV00718,PROD020,FACT08,2024-05-01,3001,1244,1757,543,1215,21.6,C
INV00719,PROD113,FACT10,2024-11-01,7681,4083,3598,1477,3922,565.4,D
INV00720,PROD029,FACT10,2024-05-01,3642,914,2728,812,2692,83.5,B
INV00721,PROD016,FACT09,2023-08-01,5599,2212,3387,1068,4767,51.5,C
INV00722,PROD094,FACT06,2023-06-01,6649,2881,3768,1223,4657,89.6,A
INV00723,PROD017,FACT03,2023-10-01,5295,1984,3311,890,3305,53.9,D
INV00724,PROD057,FACT12,2023-07-01,9711,5309,4402,2587,10544,39.6,C
INV00725,PROD078,FACT09,2023-02-01,3029,1242,1787,626,2758,196.1,C
INV00726,PROD088,FACT02,2024-03-01,4771,1352,3419,1057,2851,195.0,D
INV00727,PROD037,FACT05,2024-10-01,5383,2773,2610,758,1559,15.2,B
INV00728,PROD077,FACT10,2023-05-01,3178,1015,2163,478,1138,20.2,B
INV00729,PROD018,FACT04,2023-03-01,7915,2704,5211,1329,3317,27.8,B
INV00730,PROD071,FACT02,2023-09-01,3046,1128,1918,588,1247,340.1,A
INV00731,PROD049,FACT06,2023-05-01,8137,1851,6286,885,3755,1249.8,B
INV00732,PROD011,FACT12,2024-12-01,9370,4192,5178,2602,12112,34.7,D
INV00733,PROD057,FACT10,2024-08-01,488,51,437,137,566,4.5,D
INV00734,PROD081,FACT07,2023-06-01,3536,1867,1669,822,2109,9.1,C
INV00735,PROD019,FACT02,2023-04-01,108,50,58,18,69,0.4,B
INV00736,PROD070,FACT03,2023-04-01,3493,854,2639,618,2201,25.6,A
INV00737,PROD116,FACT05,2024-09-01,3519,614,2905,869,3876,29.5,D
INV00738,PROD082,FACT09,2024-05-01,6872,1810,5062,1081,5218,31.0,A
INV00739,PROD053,FACT07,2024-03-01,3216,1585,1631,713,3015,10.1,D
INV00740,PROD010,FACT12,2023-07-01,9044,609,8435,2544,9000,143.0,D
INV00741,PROD001,FACT12,2024-07-01,2382,732,1650,434,1533,12.1,D
INV00742,PROD001,FACT03,2023-11-01,6679,1267,5412,1452,6423,41.5,A
INV00743,PROD047,FACT10,2023-03-01,4543,2413,2130,1298,3073,12.4,D
INV00744,PROD102,FACT04,2024-03-01,4212,1169,3043,708,1742,17.5,D
INV00745,PROD027,FACT07,2024-10-01,9196,3990,5206,2317,7022,90.8,D
INV00746,PROD025,FACT11,2024-07-01,5883,1452,4431,1477,6265,25.1,A
INV00747,PROD090,FACT01,2024-05-01,6885,1593,5292,1967,4323,28.6,D
INV00748,PROD103,FACT04,2023-06-01,8679,1989,6690,2358,7152,253.6,D
INV00749,PROD010,FACT01,2024-11-01,4276,1809,2467,1068,3157,21.1,B
INV00750,PROD036,FACT05,2023-05-01,6473,3756,2717,1471,5086,30.2,D
INV00751,PROD046,FACT12,2024-01-01,8160,1342,6818,1210,4103,81.8,C
INV00752,PROD008,FACT12,2024-05-01,1291,522,769,302,1251,5.4,C
INV00753,PROD097,FACT02,2023-02-01,8166,1600,6566,1268,4916,216.9,D
INV00754,PROD062,FACT09,2024-06-01,2606,918,1688,490,2307,10.2,D
INV00755,PROD029,FACT03,2023-10-01,1983,690,1293,480,1220,126.9,C
INV00756,PROD053,FACT05,2024-12-01,1579,470,1109,371,1223,9.4,C
INV00757,PROD098,FACT12,2023-08-01,1039,337,702,187,598,14.3,A
INV00758,PROD091,FACT08,2023-08-01,2081,1112,969,284,664,7.2,C
INV00759,PROD115,FACT08,2024-06-01,973,96,877,192,479,8.2,A
INV00760,PROD106,FACT09,2023-12-01,965,489,476,149,448,2.4,C
INV00761,PROD004,FACT12,2024-09-01,2614,795,1819,395,1661,10.5,D
INV00762,PROD049,FACT03,2023-05-01,1788,417,1371,296,725,19.4,D
INV00763,PROD112,FACT03,2023-04-01,2121,313,1808,512,1432,16.7,C
INV00764,PROD069,FACT04,2024-12-01,5655,2817,2838,1128,4545,42.4,C
INV00765,PROD042,FACT06,2024-12-01,4718,1772,2946,824,3123,20.0,C
INV00766,PROD118,FACT07,2024-01-01,9457,4261,5196,2649,6128,59.5,C
INV00767,PROD075,FACT12,2023-04-01,7422,1657,5765,1791,8653,209.6,D
INV00768,PROD065,FACT12,2023-01-01,2578,686,1892,513,1254,14.1,A
INV00769,PROD077,FACT01,2023-11-01,3639,2011,1628,671,1466,227.4,B
INV00770,PROD084,FACT02,2023-09-01,7178,4154,3024,1893,5514,48.0,B
INV00771,PROD034,FACT03,2024-05-01,3925,1793,2132,528,1098,11.7,A
INV00772,PROD097,FACT01,2024-08-01,7644,3533,4111,1780,3724,176.0,C
INV00773,PROD014,FACT03,2023-11-01,6520,2816,3704,679,2537,35.8,A
INV00774,PROD053,FACT04,2023-10-01,1927,719,1208,195,912,7.5,D
INV00775,PROD076,FACT11,2024-05-01,73,28,45,21,67,0.2,A
INV00776,PROD075,FACT06,2023-03-01,3742,2171,1571,759,2206,13.8,B
INV00777,PROD001,FACT05,2024-07-01,9970,4616,5354,1625,7709,153.5,A
INV00778,PROD110,FACT11,2024-11-01,5730,2352,3378,1484,3242,17.9,C
INV00779,PROD008,FACT06,2023-03-01,4401,678,3723,1307,4470,24.6,A
INV00780,PROD018,FACT09,2023-06-01,5369,3154,2215,574,1583,27.0,B
INV00781,PROD005,FACT01,2024-08-01,2588,870,1718,278,874,29.1,C
INV00782,PROD095,FACT03,2023-06-01,6420,3653,2767,1740,5624,193.4,D
INV00783,PROD067,FACT08,2023-07-01,7336,3246,4090,1550,5635,96.6,B
INV00784,PROD022,FACT09,2023-01-01,4932,355,4577,1364,4583,29.2,C
INV00785,PROD006,FACT11,2023-08-01,1220,423,797,291,1445,30.4,C
INV00786,PROD088,FACT02,2024-04-01,2647,1432,1215,514,1067,40.2,D
INV00787,PROD027,FACT10,2024-08-01,8631,677,7954,1142,4880,184.1,B
INV00788,PROD085,FACT05,2024-12-01,2843,1497,1346,506,1089,16.4,B
INV00789,PROD037,FACT03,2024-03-01,3233,1252,1981,832,2740,47.3,A
INV00790,PROD117,FACT10,2024-07-01,8374,624,7750,1229,3202,42.7,A
INV00791,PROD098,FACT02,2023-10-01,8188,2092,6096,1985,9599,110.3,C
INV00792,PROD035,FACT12,2023-12-01,9981,665,9316,1492,6218,50.5,C
INV00793,PROD036,FACT11,2023-05-01,6319,322,5997,1218,4127,30.4,C
INV00794,PROD061,FACT11,2023-03-01,7988,4338,3650,935,4541,24.0,C
INV00795,PROD119,FACT09,2024-01-01,7479,3453,4026,1428,5946,624.2,D
INV00796,PROD090,FACT05,2024-07-01,948,198,750,211,1025,14.5,A
INV00797,PROD001,FACT09,2023-03-01,9369,1054,8315,1992,8195,145.5,D
INV00798,PROD048,FACT12,2024-08-01,392,31,361,71,159,3.3,D
INV00799,PROD083,FACT01,2023-03-01,9579,5311,4268,1666,6412,118.9,A
INV00800,PROD090,FACT04,2024-04-01,2405,948,1457,373,1843,72.6,B
INV00801,PROD087,FACT01,2023-12-01,2028,280,1748,514,1358,44.4,A
INV00802,PROD104,FACT05,2024-06-01,9499,4035,5464,2437,10670,79.4,D
INV00803,PROD098,FACT12,2024-10-01,1950,1169,781,383,978,53.5,C
INV00804,PROD091,FACT11,2024-05-01,6081,2940,3141,1073,3602,72.9,A
INV00805,PROD067,FACT05,2024-09-01,5308,1569,3739,1207,2721,99.3,D
INV00806,PROD110,FACT07,2024-10-01,5135,2556,2579,1086,3282,16.6,D
INV00807,PROD103,FACT07,2024-05-01,8937,4105,4832,2086,9030,126.9,C
INV00808,PROD077,FACT08,2024-05-01,4048,400,3648,653,1395,22.9,B
INV00809,PROD039,FACT06,2023-07-01,7714,4313,3401,1988,5886,32.7,D
INV00810,PROD080,FACT10,2024-02-01,6114,3279,2835,999,3885,18.6,D
INV00811,PROD003,FACT03,2023-11-01,3514,1317,2197,646,3130,23.7,B
INV00812,PROD026,FACT09,2024-04-01,4311,1420,2891,545,1491,16.0,D
INV00813,PROD069,FACT05,2024-10-01,1704,299,1405,462,1164,23.8,A
INV00814,PROD055,FACT09,2023-04-01,5412,2754,2658,1239,3235,17.2,A
INV00815,PROD003,FACT05,2024-07-01,1242,357,885,183,496,24.0,D
INV00816,PROD056,FACT03,2024-10-01,9171,3381,5790,2479,9705,32.7,D
INV00817,PROD028,FACT07,2023-08-01,3944,566,3378,950,4746,320.3,B
INV00818,PROD111,FACT09,2023-05-01,1819,305,1514,343,1225,16.1,C
INV00819,PROD116,FACT01,2023-03-01,2964,1754,1210,883,2485,13.9,A
INV00820,PROD043,FACT03,2023-03-01,9468,3046,6422,1585,6722,50.7,B
INV00821,PROD030,FACT07,2024-05-01,200,100,100,24,59,1.1,C
INV00822,PROD087,FACT09,2023-06-01,1471,745,726,363,759,6.1,A
INV00823,PROD018,FACT04,2023-10-01,6125,3613,2512,1540,5876,14.5,A
INV00824,PROD005,FACT05,2024-11-01,224,132,92,25,66,2.8,D
INV00825,PROD086,FACT08,2023-09-01,2166,653,1513,572,1829,28.8,C
INV00826,PROD109,FACT04,2023-06-01,5229,2995,2234,1334,3593,13.8,D
INV00827,PROD061,FACT02,2024-12-01,6004,1507,4497,1717,8163,90.9,B
INV00828,PROD001,FACT07,2024-10-01,2617,1005,1612,324,977,8.9,C
INV00829,PROD064,FACT02,2023-02-01,6615,3320,3295,1456,4874,29.8,C
INV00830,PROD091,FACT06,2023-03-01,3347,1849,1498,482,1304,71.5,D
INV00831,PROD014,FACT07,2023-11-01,7281,2462,4819,1310,2953,533.7,A
INV00832,PROD041,FACT08,2024-03-01,7358,2059,5299,1126,3983,34.5,A
INV00833,PROD073,FACT05,2024-02-01,1536,692,844,292,1345,4.9,D
INV00834,PROD068,FACT01,2024-01-01,7190,2162,5028,881,2691,97.1,B
INV00835,PROD053,FACT03,2024-05-01,1568,658,910,252,1094,17.5,D
INV00836,PROD089,FACT10,2024-09-01,4702,2315,2387,537,1127,12.5,C
INV00837,PROD031,FACT09,2023-11-01,7802,3999,3803,1548,4190,28.6,A
INV00838,PROD059,FACT06,2023-06-01,3742,711,3031,596,1427,80.4,B
INV00839,PROD096,FACT11,2024-10-01,8437,3074,5363,1840,5904,58.0,C
INV00840,PROD066,FACT05,2023-02-01,7332,468,6864,1403,6570,37.6,D
INV00841,PROD112,FACT01,2023-01-01,4343,2123,2220,646,2016,17.6,A
INV00842,PROD037,FACT04,2024-11-01,2019,240,1779,243,926,21.1,B
INV00843,PROD116,FACT05,2023-04-01,8157,4319,3838,2045,9600,111.4,A
INV00844,PROD050,FACT02,2023-09-01,1169,320,849,265,816,5.8,B
INV00845,PROD066,FACT05,2023-11-01,5913,840,5073,630,1951,86.1,D
INV00846,PROD014,FACT03,2024-12-01,7498,3657,3841,2233,5055,33.3,B
INV00847,PROD015,FACT08,2023-06-01,8828,1414,7414,2017,6146,60.8,C
INV00848,PROD025,FACT10,2024-04-01,124,33,91,18,76,0.8,A
INV00849,PROD074,FACT11,2023-10-01,5688,2058,3630,1525,6914,68.4,B
INV00850,PROD092,FACT01,2023-03-01,9701,2406,7295,2682,11179,51.0,C
INV00851,PROD112,FACT04,2024-12-01,196,29,167,42,85,1.4,A
INV00852,PROD008,FACT12,2023-10-01,2261,618,1643,627,1474,19.6,D
INV00853,PROD058,FACT11,2023-12-01,2508,324,2184,265,1111,144.0,C
INV00854,PROD120,FACT09,2023-01-01,4593,2046,2547,1328,6411,36.6,C
INV00855,PROD056,FACT12,2023-10-01,8459,1221,7238,943,3853,98.2,A
INV00856,PROD117,FACT01,2023-10-01,9509,2998,6511,2173,5820,40.9,D
INV00857,PROD014,FACT06,2024-12-01,1238,443,795,209,485,7.6,B
INV00858,PROD084,FACT06,2023-04-01,3759,2142,1617,405,1876,8.7,C
INV00859,PROD042,FACT11,2023-09-01,4534,422,4112,1296,2977,27.2,A
INV00860,PROD013,FACT02,2023-09-01,4917,2762,2155,625,1533,19.6,A
INV00861,PROD019,FACT01,2023-12-01,9799,1612,8187,2653,10055,215.8,A
INV00862,PROD034,FACT01,2023-11-01,5134,2631,2503,853,2192,52.0,B
INV00863,PROD090,FACT10,2024-09-01,5149,514,4635,1278,3429,128.0,A
INV00864,PROD101,FACT05,2023-06-01,6710,3984,2726,1012,2456,29.8,B
INV00865,PROD046,FACT11,2023-07-01,5355,2646,2709,1160,5606,18.6,D
INV00866,PROD088,FACT05,2023-09-01,6459,547,5912,1679,3987,38.6,B
INV00867,PROD117,FACT11,2023-11-01,8839,1483,7356,1885,9037,309.7,A
INV00868,PROD055,FACT10,2024-11-01,5294,1862,3432,854,2544,33.7,A
INV00869,PROD085,FACT07,2024-05-01,7927,2679,5248,1163,5192,53.1,C
INV00870,PROD064,FACT09,2023-11-01,7075,2802,4273,955,4632,47.2,B
INV00871,PROD057,FACT04,2024-10-01,4936,1505,3431,1322,4703,53.8,C
INV00872,PROD088,FACT04,2024-06-01,3609,1638,1971,802,3457,20.2,B
INV00873,PROD072,FACT11,2023-09-01,3667,886,2781,740,2071,26.3,A
INV00874,PROD064,FACT11,2024-05-01,6885,1012,5873,1032,3250,48.2,C
INV00875,PROD097,FACT07,2024-09-01,3194,219,2975,596,2181,37.9,C
INV00876,PROD005,FACT09,2024-04-01,2885,660,2225,646,2940,11.8,D
INV00877,PROD089,FACT07,2024-02-01,7318,2084,5234,837,3233,73.6,D
INV00878,PROD043,FACT08,2023-01-01,4732,1952,2780,815,1684,15.5,A
INV00879,PROD104,FACT10,2023-02-01,3668,1810,1858,542,1580,11.5,A
INV00880,PROD017,FACT07,2023-11-01,7350,1338,6012,1685,7742,62.8,C
INV00881,PROD089,FACT09,2023-07-01,8776,2819,5957,1942,5284,58.5,D
INV00882,PROD106,FACT06,2023-10-01,416,74,342,67,208,2.0,A
INV00883,PROD046,FACT11,2023-12-01,5811,3331,2480,629,1993,24.5,A
INV00884,PROD033,FACT09,2023-11-01,6510,2644,3866,889,2190,28.1,D
INV00885,PROD069,FACT03,2023-02-01,336,142,194,44,134,1.2,D
INV00886,PROD015,FACT04,2024-02-01,8447,2890,5557,1805,8036,30.5,B
INV00887,PROD042,FACT09,2023-09-01,8551,1753,6798,1145,5207,143.0,A
INV00888,PROD015,FACT02,2023-12-01,7877,1262,6615,1548,5794,33.9,D
INV00889,PROD065,FACT12,2023-10-01,645,265,380,144,581,2.0,B
INV00890,PROD063,FACT02,2024-12-01,8903,4958,3945,2456,8851,62.6,D
INV00891,PROD056,FACT10,2023-02-01,6584,1100,5484,981,2092,44.0,B
INV00892,PROD043,FACT08,2023-12-01,7255,2644,4611,995,4070,325.9,A
INV00893,PROD082,FACT11,2023-03-01,9787,3339,6448,1318,6576,170.9,D
INV00894,PROD070,FACT10,2024-01-01,3958,1595,2363,681,1827,19.9,D
INV00895,PROD034,FACT06,2024-07-01,2172,811,1361,499,2468,10.3,A
INV00896,PROD066,FACT05,2024-12-01,9128,1826,7302,2139,10681,66.8,C
INV00897,PROD081,FACT02,2024-01-01,4563,1963,2600,649,1574,18.3,B
INV00898,PROD118,FACT01,2024-12-01,8023,1604,6419,1013,4841,40.2,B
INV00899,PROD069,FACT03,2024-10-01,677,277,400,128,515,10.6,D
INV00900,PROD020,FACT11,2024-04-01,2703,581,2122,347,1179,15.9,A
INV00901,PROD014,FACT06,2024-11-01,8742,833,7909,2296,6966,68.9,A
INV00902,PROD076,FACT11,2023-01-01,7008,841,6167,818,3182,220.8,C
INV00903,PROD068,FACT11,2023-08-01,4658,2370,2288,1166,5280,46.1,A
INV00904,PROD041,FACT12,2024-01-01,8307,970,7337,902,1896,84.5,A
INV00905,PROD059,FACT12,2023-07-01,8274,1918,6356,2163,7801,36.6,C
INV00906,PROD050,FACT12,2024-09-01,9330,1943,7387,2103,8309,156.1,B
INV00907,PROD074,FACT05,2024-09-01,808,66,742,133,276,18.2,A
INV00908,PROD039,FACT06,2023-02-01,4154,1577,2577,752,3510,17.7,A
INV00909,PROD030,FACT11,2024-01-01,1780,871,909,418,2030,4.7,B
INV00910,PROD037,FACT07,2023-12-01,9448,5629,3819,1296,4973,41.4,B
INV00911,PROD047,FACT07,2024-05-01,8015,4527,3488,2229,5240,47.6,C
INV00912,PROD090,FACT03,2023-09-01,9789,755,9034,1924,9230,165.7,B
INV00913,PROD045,FACT11,2023-10-01,1985,380,1605,500,2208,109.2,A
INV00914,PROD110,FACT10,2023-03-01,7943,2198,5745,1599,3335,144.4,B
INV00915,PROD057,FACT08,2024-09-01,4909,2608,2301,935,3495,99.1,D
INV00916,PROD004,FACT08,2023-11-01,6795,1685,5110,1318,3089,50.4,C
INV00917,PROD006,FACT11,2024-12-01,7121,2590,4531,1229,2978,23.1,A
INV00918,PROD015,FACT03,2023-12-01,4630,1911,2719,1142,2944,17.1,C
INV00919,PROD109,FACT06,2023-07-01,2342,501,1841,631,2012,15.0,C
INV00920,PROD045,FACT09,2024-11-01,1083,401,682,293,1356,6.8,C
INV00921,PROD082,FACT01,2023-10-01,1976,154,1822,245,513,14.5,C
INV00922,PROD081,FACT11,2023-10-01,555,174,381,140,569,4.9,C
INV00923,PROD060,FACT02,2024-08-01,4843,1250,3593,678,3318,90.3,B
INV00924,PROD097,FACT02,2023-10-01,9285,2281,7004,951,3731,58.4,C
INV00925,PROD100,FACT05,2023-04-01,2971,532,2439,461,2050,22.6,C
INV00926,PROD107,FACT06,2023-10-01,1942,971,971,308,1449,5.1,C
INV00927,PROD089,FACT03,2024-10-01,6689,3579,3110,1752,7261,23.6,D
INV00928,PROD115,FACT04,2023-10-01,5656,3046,2610,1405,5591,16.8,A
INV00929,PROD028,FACT10,2023-04-01,7050,1888,5162,824,1692,223.7,C
INV00930,PROD077,FACT12,2023-07-01,137,26,111,23,82,0.7,D
INV00931,PROD032,FACT02,2024-06-01,6553,682,5871,985,3357,29.9,A
INV00932,PROD048,FACT12,2024-11-01,905,380,525,198,706,3.9,B
INV00933,PROD019,FACT03,2023-03-01,3259,755,2504,679,2239,16.7,C
INV00934,PROD031,FACT12,2024-12-01,2376,480,1896,560,2643,9.7,C
INV00935,PROD079,FACT08,2024-03-01,4140,1053,3087,1168,5451,38.0,D
INV00936,PROD060,FACT05,2023-05-01,7017,2492,4525,1293,3074,27.3,C
INV00937,PROD044,FACT02,2023-09-01,2083,290,1793,482,1735,21.6,B
INV00938,PROD023,FACT10,2024-08-01,3726,2156,1570,1057,5157,17.8,A
INV00939,PROD104,FACT10,2023-12-01,6551,2967,3584,1365,5182,26.9,D
INV00940,PROD027,FACT11,2024-09-01,6055,459,5596,979,4313,101.7,D
INV00941,PROD118,FACT02,2024-04-01,6785,1484,5301,1225,3822,26.7,C
INV00942,PROD001,FACT04,2023-11-01,7555,587,6968,1896,5938,100.7,B
INV00943,PROD022,FACT09,2024-05-01,4837,852,3985,1180,3513,137.6,B
INV00944,PROD008,FACT06,2023-03-01,3884,806,3078,970,2004,45.3,C
INV00945,PROD069,FACT01,2024-03-01,6297,2801,3496,1566,7477,20.3,A
INV00946,PROD024,FACT11,2023-04-01,9659,4301,5358,2744,8366,80.9,A
INV00947,PROD033,FACT04,2023-09-01,196,15,181,50,155,1.5,D
INV00948,PROD012,FACT03,2023-08-01,67,25,42,18,77,0.2,B
INV00949,PROD004,FACT01,2024-06-01,1764,1020,744,379,1357,13.4,B
INV00950,PROD064,FACT06,2024-10-01,2846,1126,1720,651,2009,56.2,A
INV00951,PROD079,FACT10,2023-04-01,6526,3774,2752,1916,8911,115.2,A
INV00952,PROD060,FACT01,2023-05-01,9924,2573,7351,2720,12175,80.9,D
INV00953,PROD009,FACT01,2023-09-01,7898,2392,5506,2018,9950,217.3,D
INV00954,PROD042,FACT07,2024-04-01,3272,1055,2217,776,3044,23.7,B
INV00955,PROD053,FACT01,2023-04-01,513,286,227,88,358,1.3,D
INV00956,PROD077,FACT11,2024-04-01,7122,1846,5276,1493,4439,33.7,D
INV00957,PROD074,FACT03,2023-05-01,1254,741,513,139,320,4.3,A
INV00958,PROD060,FACT05,2023-07-01,5136,1791,3345,941,2181,19.6,C
INV00959,PROD106,FACT03,2023-11-01,5615,954,4661,687,2705,189.8,A
INV00960,PROD014,FACT06,2023-07-01,4007,429,3578,985,2305,28.9,A
INV00961,PROD051,FACT09,2023-06-01,2354,342,2012,656,3096,73.0,A
INV00962,PROD115,FACT02,2024-07-01,4465,320,4145,602,2475,41.9,C
INV00963,PROD065,FACT07,2024-05-01,1495,644,851,223,597,8.9,C
INV00964,PROD027,FACT04,2023-06-01,5580,1865,3715,1514,4296,65.5,C
INV00965,PROD022,FACT11,2024-07-01,6171,2813,3358,1340,5534,20.1,B
INV00966,PROD022,FACT06,2024-05-01,4985,2394,2591,1085,4853,52.3,C
INV00967,PROD090,FACT10,2023-12-01,3629,2040,1589,771,3484,14.1,A
INV00968,PROD064,FACT12,2023-12-01,6782,776,6006,974,3704,60.6,A
INV00969,PROD024,FACT10,2024-01-01,8406,1281,7125,1250,3082,79.9,B
INV00970,PROD030,FACT06,2023-06-01,7013,2465,4548,2033,9057,394.1,D
INV00971,PROD040,FACT08,2024-07-01,3632,440,3192,889,3889,22.7,B
INV00972,PROD081,FACT07,2023-01-01,3773,381,3392,446,2010,453.9,A
INV00973,PROD023,FACT05,2024-01-01,5386,2243,3143,779,1926,19.0,A
INV00974,PROD010,FACT07,2023-05-01,5612,2517,3095,1265,5127,54.3,C
INV00975,PROD033,FACT12,2023-01-01,5995,3081,2914,939,4583,102.6,B
INV00976,PROD072,FACT12,2023-03-01,1754,971,783,264,731,9.1,C
INV00977,PROD005,FACT06,2023-03-01,6140,1801,4339,862,3577,38.0,D
INV00978,PROD098,FACT05,2024-03-01,8995,5297,3698,1234,3427,56.4,C
INV00979,PROD115,FACT09,2024-03-01,9824,696,9128,2187,6389,317.5,C
INV00980,PROD027,FACT04,2024-10-01,7189,3800,3389,2021,6984,395.3,C
INV00981,PROD062,FACT12,2023-04-01,6349,1440,4909,1093,5121,34.5,D
INV00982,PROD095,FACT07,2023-08-01,5196,2894,2302,646,1367,12.9,C
INV00983,PROD025,FACT07,2023-03-01,9670,1667,8003,1207,5997,325.3,A
INV00984,PROD066,FACT03,2023-08-01,1573,720,853,451,1947,17.1,D
INV00985,PROD020,FACT08,2023-12-01,1600,454,1146,329,1013,128.1,C
INV00986,PROD119,FACT09,2024-11-01,9696,2519,7177,1874,5739,40.4,B
INV00987,PROD120,FACT11,2024-06-01,9045,748,8297,2516,8678,90.5,B
INV00988,PROD043,FACT05,2024-01-01,6294,2758,3536,1268,5866,19.1,C
INV00989,PROD067,FACT01,2023-08-01,4459,653,3806,874,1795,39.5,B
INV00990,PROD058,FACT01,2024-05-01,2382,726,1656,680,2478,9.6,B
INV00991,PROD041,FACT05,2023-09-01,2334,298,2036,455,987,10.7,D
INV00992,PROD104,FACT02,2023-07-01,2971,1136,1835,529,1241,26.1,D
INV00993,PROD064,FACT02,2024-10-01,6569,1163,5406,1421,5786,41.6,A
INV00994,PROD102,FACT12,2024-12-01,800,302,498,236,638,3.7,D
INV00995,PROD046,FACT06,2024-03-01,4502,2569,1933,1318,2800,210.7,A
INV00996,PROD060,FACT05,2024-12-01,2395,1333,1062,611,1523,11.7,C
INV00997,PROD104,FACT11,2024-10-01,6287,1008,5279,1256,3298,30.7,D
INV00998,PROD015,FACT02,2024-04-01,420,44,376,116,500,2.0,A
INV00999,PROD027,FACT05,2024-08-01,5508,405,5103,1013,3925,28.3,D
INV01000,PROD058,FACT11,2023-08-01,6378,3225,3153,1454,6115,16.2,C
INV01001,PROD024,FACT04,2024-12-01,650,122,528,88,274,4.0,B
INV01002,PROD035,FACT06,2024-04-01,4875,1005,3870,1132,2648,76.8,B
INV01003,PROD023,FACT01,2024-07-01,6420,1120,5300,997,4403,45.2,A
INV01004,PROD008,FACT12,2024-04-01,6545,3351,3194,1665,4031,36.7,D
INV01005,PROD086,FACT03,2024-02-01,3360,1977,1383,614,1933,24.9,B
INV01006,PROD016,FACT05,2024-11-01,2708,1260,1448,487,1357,9.3,D
INV01007,PROD070,FACT08,2024-04-01,9625,4841,4784,2400,6935,37.5,C
INV01008,PROD103,FACT02,2023-01-01,2535,992,1543,469,1785,9.7,C
INV01009,PROD061,FACT08,2024-06-01,3106,1059,2047,754,1880,35.6,A
INV01010,PROD109,FACT08,2024-06-01,5182,2316,2866,1404,4686,15.8,B
INV01011,PROD116,FACT06,2023-01-01,5233,365,4868,667,2612,94.4,B
INV01012,PROD058,FACT05,2024-05-01,2420,203,2217,474,2184,18.1,C
INV01013,PROD029,FACT07,2024-08-01,9078,3885,5193,2623,8167,322.7,C
INV01014,PROD063,FACT06,2023-07-01,9363,2194,7169,2457,7263,64.9,A
INV01015,PROD026,FACT09,2023-06-01,6462,2060,4402,1904,5909,181.5,A
INV01016,PROD009,FACT02,2024-01-01,4712,2262,2450,1282,4490,35.1,A
INV01017,PROD019,FACT12,2023-07-01,242,89,153,39,115,0.9,A
INV01018,PROD071,FACT06,2024-12-01,907,447,460,123,338,2.6,D
INV01019,PROD112,FACT11,2023-08-01,543,152,391,77,241,2.5,C
INV01020,PROD025,FACT12,2023-12-01,6762,1407,5355,970,4203,69.8,D
INV01021,PROD024,FACT07,2024-04-01,303,54,249,35,97,2.1,A
INV01022,PROD039,FACT01,2023-03-01,7421,909,6512,2088,9467,133.8,C
INV01023,PROD047,FACT09,2023-07-01,7543,530,7013,1512,4317,51.1,B
INV01024,PROD061,FACT08,2023-06-01,9402,745,8657,1131,4308,119.0,A
INV01025,PROD101,FACT05,2024-01-01,5395,1074,4321,1362,6691,89.8,C
INV01026,PROD098,FACT05,2024-02-01,9060,1840,7220,1496,7264,60.6,B
INV01027,PROD029,FACT09,2024-01-01,6948,1806,5142,794,2623,191.9,D
INV01028,PROD098,FACT02,2023-08-01,1575,591,984,217,478,7.1,A
INV01029,PROD020,FACT06,2024-07-01,118,55,63,27,127,1.5,D
INV01030,PROD005,FACT04,2024-02-01,5052,802,4250,1307,3112,37.6,D
INV01031,PROD108,FACT04,2023-05-01,9783,4574,5209,1475,7037,63.9,A
INV01032,PROD036,FACT08,2024-06-01,203,26,177,44,185,1.5,C
INV01033,PROD094,FACT03,2023-04-01,2565,1523,1042,257,1234,19.7,C
INV01034,PROD062,FACT11,2024-11-01,557,115,442,87,348,6.7,D
INV01035,PROD050,FACT08,2023-01-01,3702,1890,1812,505,2518,56.0,C
INV01036,PROD020,FACT10,2023-01-01,8546,1323,7223,985,3350,46.2,A
INV01037,PROD011,FACT05,2023-09-01,3154,1807,1347,621,1856,72.1,D
INV01038,PROD085,FACT02,2024-07-01,1174,592,582,266,846,7.4,B
INV01039,PROD020,FACT12,2023-01-01,2161,535,1626,236,720,17.6,D
INV01040,PROD006,FACT05,2024-03-01,9791,2759,7032,1249,4000,163.3,A
INV01041,PROD045,FACT04,2024-01-01,8799,459,8340,2521,11737,104.2,A
INV01042,PROD026,FACT09,2024-11-01,5291,996,4295,765,2889,49.6,C
INV01043,PROD023,FACT06,2023-07-01,8202,1715,6487,2067,8634,133.1,B
INV01044,PROD005,FACT11,2024-02-01,9795,2929,6866,2444,6999,53.0,A
INV01045,PROD025,FACT03,2023-02-01,8508,1076,7432,1398,6948,674.6,D
INV01046,PROD093,FACT02,2024-01-01,2635,826,1809,371,1054,41.6,C
INV01047,PROD004,FACT07,2023-08-01,3639,1520,2119,541,1340,16.7,D
INV01048,PROD091,FACT01,2023-12-01,4786,1217,3569,1020,4421,28.0,A
INV01049,PROD010,FACT05,2024-01-01,4158,739,3419,733,3311,60.3,C
INV01050,PROD034,FACT05,2023-03-01,4105,1442,2663,817,2599,19.3,A
INV01051,PROD091,FACT04,2024-07-01,3031,200,2831,795,2880,29.3,C
INV01052,PROD058,FACT03,2023-12-01,3971,943,3028,796,2581,28.1,A
INV01053,PROD008,FACT09,2024-09-01,4332,1474,2858,1295,3732,40.9,C
INV01054,PROD052,FACT04,2023-02-01,1140,268,872,266,1181,4.4,A
INV01055,PROD116,FACT09,2024-08-01,3906,937,2969,553,2362,20.0,D
INV01056,PROD099,FACT07,2024-06-01,8431,4355,4076,1685,5823,76.3,D
INV01057,PROD028,FACT09,2024-04-01,2433,1371,1062,639,2151,20.8,D
INV01058,PROD009,FACT02,2023-09-01,1640,828,812,236,600,5.2,B
INV01059,PROD116,FACT02,2024-10-01,169,18,151,42,164,1.9,B
INV01060,PROD034,FACT12,2024-05-01,1808,379,1429,193,921,62.6,C
INV01061,PROD059,FACT12,2024-12-01,8612,3800,4812,2485,10329,402.9,B
INV01062,PROD094,FACT08,2024-06-01,1046,613,433,243,855,5.1,B
INV01063,PROD017,FACT12,2024-07-01,3284,602,2682,435,920,31.2,A
INV01064,PROD033,FACT09,2023-07-01,3230,1757,1473,888,4254,10.3,B
INV01065,PROD056,FACT02,2023-04-01,2281,1041,1240,265,775,10.6,B
INV01066,PROD061,FACT06,2023-08-01,8665,5120,3545,1570,4553,22.8,B
INV01067,PROD093,FACT06,2023-01-01,4576,464,4112,1132,3859,61.4,B
INV01068,PROD113,FACT07,2023-10-01,4873,1302,3571,1401,4606,28.2,C
INV01069,PROD037,FACT05,2023-04-01,6963,2179,4784,1182,5776,26.9,B
INV01070,PROD013,FACT03,2024-05-01,4414,1852,2562,1175,2932,138.4,C
INV01071,PROD029,FACT10,2023-07-01,2485,1018,1467,346,1407,10.2,D
INV01072,PROD040,FACT11,2023-01-01,637,349,288,68,158,2.0,B
INV01073,PROD103,FACT03,2024-04-01,6705,3428,3277,709,2007,20.5,D
INV01074,PROD055,FACT12,2024-12-01,5696,458,5238,1319,5495,91.2,A
INV01075,PROD014,FACT06,2023-10-01,7211,2290,4921,943,4161,57.1,B
INV01076,PROD008,FACT01,2023-11-01,6907,1892,5015,760,2589,96.9,A
INV01077,PROD032,FACT08,2023-06-01,6355,3803,2552,1877,8199,39.2,D
INV01078,PROD011,FACT07,2024-10-01,2977,848,2129,442,2124,11.0,D
INV01079,PROD099,FACT07,2024-12-01,9743,4145,5598,1876,9019,60.9,B
INV01080,PROD069,FACT06,2023-01-01,701,145,556,156,472,3.3,B
INV01081,PROD050,FACT03,2023-09-01,3071,1192,1879,396,1163,11.7,A
INV01082,PROD037,FACT12,2023-11-01,8918,1459,7459,1529,6390,81.4,C
INV01083,PROD045,FACT09,2023-06-01,2624,1002,1622,602,2385,8.2,D
INV01084,PROD069,FACT10,2024-07-01,8141,4294,3847,1856,5896,22.8,D
INV01085,PROD066,FACT11,2024-01-01,2672,162,2510,717,1926,25.3,A
INV01086,PROD026,FACT06,2024-05-01,3109,1018,2091,583,2248,32.0,C
INV01087,PROD030,FACT12,2024-02-01,889,525,364,247,813,18.5,A
INV01088,PROD077,FACT06,2024-08-01,8967,1234,7733,2120,5080,80.9,D
INV01089,PROD038,FACT06,2024-09-01,3871,584,3287,822,3220,43.7,D
INV01090,PROD113,FACT06,2023-04-01,1575,487,1088,194,794,7.6,B
INV01091,PROD104,FACT06,2023-07-01,9921,5249,4672,2132,6594,528.7,C
INV01092,PROD027,FACT12,2024-03-01,2170,780,1390,475,2136,8.3,C
INV01093,PROD081,FACT04,2024-10-01,7194,2373,4821,1811,4022,55.9,B
INV01094,PROD051,FACT02,2023-10-01,1709,167,1542,417,1454,16.0,C
INV01095,PROD015,FACT01,2023-05-01,8194,4745,3449,1688,8219,84.9,A
INV01096,PROD062,FACT08,2024-01-01,7484,1803,5681,1636,4207,30.2,C
INV01097,PROD097,FACT05,2024-03-01,4032,760,3272,1026,2582,39.6,D
INV01098,PROD030,FACT03,2023-03-01,4240,1172,3068,722,2264,18.1,A
INV01099,PROD032,FACT09,2024-07-01,7577,2105,5472,962,2698,106.7,A
INV01100,PROD050,FACT03,2023-03-01,1308,395,913,360,959,38.3,D
INV01101,PROD007,FACT05,2024-07-01,7346,3149,4197,2152,10436,32.5,B
INV01102,PROD039,FACT02,2023-12-01,5162,2722,2440,959,2910,12.4,D
INV01103,PROD061,FACT06,2024-02-01,9415,768,8647,2806,6116,65.9,B
INV01104,PROD016,FACT09,2023-08-01,5243,1677,3566,863,4056,28.8,B
INV01105,PROD075,FACT01,2024-06-01,6978,1938,5040,791,2646,55.2,A
INV01106,PROD037,FACT11,2023-04-01,6968,390,6578,1495,6291,109.0,C
INV01107,PROD053,FACT03,2024-12-01,9269,4626,4643,2536,7867,52.2,A
INV01108,PROD078,FACT10,2023-11-01,8110,871,7239,1813,8712,212.6,D
INV01109,PROD023,FACT01,2024-05-01,9317,1054,8263,949,2717,147.4,C
INV01110,PROD059,FACT05,2024-07-01,4631,355,4276,474,1890,42.7,A
INV01111,PROD095,FACT05,2023-04-01,6754,1082,5672,1654,7398,170.7,B
INV01112,PROD028,FACT04,2023-06-01,4903,722,4181,1319,3580,26.2,B
INV01113,PROD106,FACT05,2023-02-01,4252,1026,3226,640,2819,444.7,A
INV01114,PROD069,FACT08,2023-07-01,7175,2960,4215,1392,6093,62.3,D
INV01115,PROD088,FACT08,2024-07-01,6602,527,6075,1929,9438,57.4,C
INV01116,PROD051,FACT06,2024-02-01,1295,677,618,249,1187,3.3,A
INV01117,PROD082,FACT12,2024-04-01,1914,439,1475,243,769,12.6,B
INV01118,PROD068,FACT04,2023-08-01,4512,1731,2781,1274,4805,44.5,B
INV01119,PROD087,FACT11,2024-06-01,6463,366,6097,1286,6142,82.8,B
INV01120,PROD073,FACT04,2023-09-01,1278,321,957,216,435,13.5,D
INV01121,PROD115,FACT05,2023-04-01,1180,60,1120,141,547,27.9,C
INV01122,PROD011,FACT05,2024-02-01,5424,765,4659,1040,2752,140.1,A
INV01123,PROD035,FACT02,2024-12-01,2052,608,1444,521,2197,14.6,C
INV01124,PROD011,FACT12,2024-08-01,6871,2366,4505,1673,7343,78.1,A
INV01125,PROD071,FACT06,2024-10-01,9652,1294,8358,1924,7963,364.8,D
INV01126,PROD017,FACT07,2024-12-01,1579,726,853,385,1920,18.1,A
INV01127,PROD055,FACT03,2024-09-01,2559,394,2165,435,1495,20.3,B
INV01128,PROD082,FACT10,2024-10-01,4677,532,4145,1155,4255,75.2,B
INV01129,PROD026,FACT04,2024-06-01,6554,1530,5024,768,2478,97.8,D
INV01130,PROD047,FACT09,2024-08-01,3682,1301,2381,515,2535,18.9,C
INV01131,PROD113,FACT04,2023-05-01,8757,5201,3556,2413,11506,25.5,B
INV01132,PROD026,FACT10,2023-01-01,9416,2639,6777,1495,7415,130.2,A
INV01133,PROD057,FACT11,2024-11-01,6525,1855,4670,921,4563,48.1,B
INV01134,PROD081,FACT07,2023-06-01,6934,573,6361,817,3829,41.3,A
INV01135,PROD120,FACT02,2024-08-01,9814,4624,5190,1753,8401,37.2,C
INV01136,PROD074,FACT05,2023-04-01,1325,199,1126,150,354,60.8,B
INV01137,PROD094,FACT06,2024-07-01,6758,3106,3652,1348,3398,48.6,B
INV01138,PROD079,FACT02,2024-05-01,7470,4115,3355,2120,9870,23.0,A
INV01139,PROD119,FACT01,2023-06-01,1500,709,791,386,1614,19.8,D
INV01140,PROD048,FACT09,2023-05-01,6458,2605,3853,698,3228,89.2,D
INV01141,PROD111,FACT07,2023-06-01,1537,587,950,246,1060,7.4,B
INV01142,PROD026,FACT08,2023-01-01,6185,1852,4333,851,2058,71.8,C
INV01143,PROD041,FACT05,2024-06-01,3082,399,2683,349,1658,39.4,C
INV01144,PROD028,FACT05,2024-03-01,212,101,111,26,112,1.0,D
INV01145,PROD117,FACT01,2024-04-01,176,55,121,50,186,0.8,B
INV01146,PROD019,FACT03,2024-11-01,2084,821,1263,338,1216,12.4,D
INV01147,PROD001,FACT07,2023-09-01,3032,775,2257,541,2013,12.6,A
INV01148,PROD034,FACT10,2024-10-01,5808,932,4876,1145,3631,189.0,C
INV01149,PROD102,FACT09,2024-10-01,7426,3665,3761,1849,8153,24.7,D
INV01150,PROD088,FACT08,2023-05-01,9153,2181,6972,2377,11236,62.8,B
INV01151,PROD041,FACT11,2023-11-01,986,519,467,289,797,2.8,D
INV01152,PROD088,FACT12,2023-05-01,4256,2473,1783,605,1279,26.7,B
INV01153,PROD082,FACT05,2023-06-01,4094,2074,2020,656,1711,20.4,D
INV01154,PROD065,FACT03,2023-02-01,2961,357,2604,481,2055,15.7,D
INV01155,PROD074,FACT09,2023-10-01,1222,636,586,231,1064,3.5,C
INV01156,PROD004,FACT04,2024-10-01,6691,2246,4445,1750,5330,56.8,D
INV01157,PROD014,FACT09,2023-04-01,3989,729,3260,590,1450,19.7,A
INV01158,PROD063,FACT03,2024-02-01,7454,755,6699,1913,8753,48.5,D
INV01159,PROD021,FACT07,2023-03-01,5951,1209,4742,838,2216,55.9,B
INV01160,PROD064,FACT01,2024-01-01,1396,175,1221,338,921,6.3,B
INV01161,PROD026,FACT10,2024-11-01,1844,118,1726,479,1091,156.6,A
INV01162,PROD102,FACT11,2024-03-01,7093,4208,2885,1920,9083,36.2,A
INV01163,PROD116,FACT12,2024-04-01,6368,3231,3137,1287,3835,48.4,B
INV01164,PROD069,FACT05,2023-05-01,6086,2778,3308,1009,2538,17.6,D
INV01165,PROD079,FACT09,2023-10-01,2879,450,2429,733,3563,99.6,A
INV01166,PROD024,FACT11,2023-03-01,6573,429,6144,1079,3244,48.2,D
INV01167,PROD010,FACT09,2024-04-01,2217,702,1515,287,1218,10.5,A
INV01168,PROD099,FACT06,2023-08-01,2333,1068,1265,623,1677,30.9,D
INV01169,PROD081,FACT11,2024-04-01,3094,1793,1301,564,2358,38.0,A
INV01170,PROD032,FACT06,2023-05-01,4875,2506,2369,1044,2815,165.4,B
INV01171,PROD073,FACT03,2023-11-01,8795,4762,4033,2495,9763,112.1,D
INV01172,PROD031,FACT12,2024-07-01,9054,1641,7413,1151,3824,45.6,A
INV01173,PROD105,FACT09,2024-04-01,8314,1126,7188,1758,7728,38.0,D
INV01174,PROD015,FACT01,2024-02-01,6758,1259,5499,1431,5997,30.4,C
INV01175,PROD050,FACT07,2023-11-01,1295,163,1132,353,1697,14.8,C
INV01176,PROD003,FACT03,2024-02-01,9373,4585,4788,1577,4936,32.7,A
INV01177,PROD104,FACT02,2024-04-01,2627,1436,1191,473,2016,7.2,C
INV01178,PROD035,FACT05,2024-06-01,7456,1633,5823,1520,7458,35.6,A
INV01179,PROD115,FACT05,2023-03-01,864,460,404,115,346,23.5,A
INV01180,PROD054,FACT02,2023-03-01,1742,140,1602,338,970,34.2,C
INV01181,PROD077,FACT12,2023-01-01,5657,2390,3267,1059,4561,17.4,B
INV01182,PROD086,FACT08,2023-12-01,7804,2654,5150,1088,3630,34.5,A
INV01183,PROD112,FACT02,2023-07-01,4621,934,3687,1232,3937,22.0,A
INV01184,PROD071,FACT08,2023-11-01,5816,2748,3068,1083,3939,29.1,C
INV01185,PROD084,FACT06,2024-01-01,5774,962,4812,931,4475,58.9,D
INV01186,PROD101,FACT10,2024-02-01,9921,2767,7154,1251,2817,54.2,C
INV01187,PROD026,FACT04,2024-10-01,2063,909,1154,243,825,11.9,A
INV01188,PROD083,FACT03,2023-12-01,2340,552,1788,683,1592,23.0,D
INV01189,PROD094,FACT09,2023-06-01,4256,2215,2041,1273,5920,28.0,D
INV01190,PROD098,FACT06,2023-06-01,3329,1751,1578,931,2244,44.1,C
INV01191,PROD035,FACT05,2023-07-01,7712,1245,6467,1479,3356,59.7,D
INV01192,PROD028,FACT10,2023-06-01,6018,1759,4259,1574,7699,40.0,B
INV01193,PROD099,FACT03,2023-09-01,8531,2454,6077,2277,8402,50.6,B
INV01194,PROD098,FACT03,2024-09-01,9200,2535,6665,1472,6591,240.9,B
INV01195,PROD112,FACT06,2024-05-01,801,261,540,174,593,2.9,A
INV01196,PROD113,FACT10,2024-05-01,3149,286,2863,918,3036,19.1,C
INV01197,PROD016,FACT04,2024-03-01,7603,4018,3585,1186,5616,117.4,C
INV01198,PROD048,FACT04,2023-01-01,961,201,760,224,1113,37.1,A
INV01199,PROD115,FACT11,2024-02-01,8433,430,8003,1961,7561,61.4,A
INV01200,PROD096,FACT08,2023-02-01,1946,831,1115,371,1764,15.6,C
INV01201,PROD081,FACT02,2024-08-01,1479,603,876,293,1344,13.0,A
INV01202,PROD088,FACT06,2024-10-01,2419,1429,990,463,1682,5.9,C
INV01203,PROD069,FACT09,2023-07-01,8797,3920,4877,1796,8663,67.5,D
INV01204,PROD076,FACT03,2024-01-01,5296,1234,4062,687,1807,31.7,D
INV01205,PROD022,FACT05,2024-09-01,9518,5463,4055,2465,11473,37.0,D
INV01206,PROD012,FACT11,2023-07-01,1940,487,1453,450,1318,25.8,C
INV01207,PROD093,FACT07,2024-06-01,3270,1641,1629,964,2016,23.4,A
INV01208,PROD058,FACT01,2023-06-01,9427,2212,7215,1406,6132,38.2,A
INV01209,PROD103,FACT08,2024-07-01,7536,579,6957,974,4666,99.9,A
INV01210,PROD039,FACT06,2023-09-01,7059,3202,3857,1190,3154,24.4,A
INV01211,PROD036,FACT04,2023-10-01,9732,2361,7371,1965,7078,42.6,A
INV01212,PROD006,FACT11,2023-04-01,4254,1006,3248,600,2549,172.3,A
INV01213,PROD048,FACT06,2024-09-01,4663,2069,2594,896,2683,19.3,C
INV01214,PROD008,FACT02,2024-09-01,193,44,149,44,107,1.0,B
INV01215,PROD070,FACT04,2023-12-01,5187,596,4591,577,1833,51.2,A
INV01216,PROD055,FACT08,2024-01-01,1505,410,1095,379,1277,9.4,C
INV01217,PROD094,FACT04,2024-06-01,5395,2714,2681,1553,6564,73.3,C
INV01218,PROD061,FACT05,2024-01-01,9836,1196,8640,1511,3923,128.7,C
INV01219,PROD083,FACT02,2024-08-01,6962,2471,4491,1777,7899,31.4,C
INV01220,PROD094,FACT03,2024-11-01,751,92,659,138,484,5.4,A
INV01221,PROD089,FACT03,2024-06-01,2979,230,2749,694,3270,87.0,D
INV01222,PROD010,FACT02,2023-05-01,820,212,608,204,754,3.1,D
INV01223,PROD048,FACT12,2024-04-01,5813,2394,3419,924,3087,18.2,C
INV01224,PROD066,FACT08,2024-09-01,9205,1852,7353,2370,6779,151.0,B
INV01225,PROD110,FACT11,2024-09-01,2781,821,1960,337,781,11.2,A
INV01226,PROD107,FACT03,2024-11-01,4075,1305,2770,1212,3776,48.5,B
INV01227,PROD024,FACT11,2023-10-01,5274,2704,2570,883,2862,22.4,D
INV01228,PROD120,FACT01,2024-02-01,8705,4356,4349,1260,4668,27.6,B
INV01229,PROD028,FACT02,2024-11-01,7770,399,7371,992,4543,102.2,C
INV01230,PROD034,FACT08,2024-03-01,7636,2120,5516,2004,6796,48.7,B
INV01231,PROD057,FACT01,2023-11-01,6818,2801,4017,1481,4358,43.3,A
INV01232,PROD067,FACT01,2023-08-01,8509,4415,4094,2470,11411,26.7,C
INV01233,PROD026,FACT11,2024-05-01,4423,340,4083,1015,4265,41.5,A
INV01234,PROD063,FACT01,2023-03-01,2106,833,1273,354,1034,11.0,D
INV01235,PROD022,FACT10,2023-01-01,7871,4039,3832,2104,5262,22.6,D
INV01236,PROD096,FACT08,2023-07-01,3931,748,3183,614,1764,22.5,A
INV01237,PROD107,FACT06,2024-09-01,936,152,784,148,351,7.3,B
INV01238,PROD036,FACT07,2023-02-01,4477,1376,3101,473,2228,32.7,B
INV01239,PROD078,FACT04,2023-10-01,2382,1380,1002,358,1373,33.7,A
INV01240,PROD037,FACT12,2024-06-01,3913,1687,2226,596,2736,139.2,C
INV01241,PROD003,FACT08,2023-07-01,9520,2699,6821,1518,6772,35.8,A
INV01242,PROD092,FACT02,2023-05-01,786,48,738,137,337,17.8,B
INV01243,PROD090,FACT09,2023-04-01,4840,1724,3116,1042,3469,52.8,D
INV01244,PROD104,FACT04,2024-02-01,8465,2047,6418,1213,5963,51.7,D
INV01245,PROD074,FACT01,2024-12-01,8866,1349,7517,2016,5446,45.2,A
INV01246,PROD064,FACT02,2023-03-01,9448,3071,6377,1197,2574,38.1,B
INV01247,PROD108,FACT08,2024-01-01,1018,242,776,291,884,4.7,D
INV01248,PROD090,FACT09,2023-03-01,7611,543,7068,801,2830,36.1,A
INV01249,PROD104,FACT05,2023-08-01,1246,559,687,351,761,43.3,B
INV01250,PROD023,FACT04,2024-06-01,3300,1495,1805,691,2266,21.8,A
INV01251,PROD071,FACT10,2024-07-01,6067,2368,3699,1468,4052,20.2,D
INV01252,PROD098,FACT07,2023-04-01,9137,4682,4455,1459,3846,46.3,B
INV01253,PROD058,FACT02,2023-10-01,6155,996,5159,829,2314,29.5,C
INV01254,PROD012,FACT07,2023-03-01,3600,747,2853,1042,2413,337.9,D
INV01255,PROD086,FACT12,2023-12-01,8410,2542,5868,1583,3530,56.8,C
INV01256,PROD052,FACT09,2024-12-01,852,71,781,167,633,4.2,D
INV01257,PROD011,FACT02,2023-06-01,4400,2358,2042,1307,6330,36.5,C
INV01258,PROD009,FACT12,2024-07-01,5807,1857,3950,971,4286,21.2,C
INV01259,PROD005,FACT08,2024-11-01,3829,875,2954,460,2071,444.0,A
INV01260,PROD070,FACT06,2023-04-01,3981,1246,2735,865,3638,134.1,A
INV01261,PROD071,FACT06,2023-03-01,182,42,140,38,185,1.4,B
INV01262,PROD110,FACT04,2024-06-01,4584,951,3633,1167,5662,141.1,A
INV01263,PROD018,FACT09,2023-08-01,6773,2008,4765,1971,8544,97.3,A
INV01264,PROD079,FACT08,2024-12-01,7564,2383,5181,1222,5069,82.2,B
INV01265,PROD065,FACT07,2023-02-01,4031,1162,2869,985,2872,29.0,A
INV01266,PROD112,FACT12,2023-07-01,1247,438,809,233,530,10.0,D
INV01267,PROD079,FACT05,2023-11-01,887,427,460,228,520,2.5,C
INV01268,PROD054,FACT05,2023-06-01,1607,131,1476,213,896,8.3,C
INV01269,PROD009,FACT02,2024-07-01,8854,4395,4459,1772,3695,29.6,A
INV01270,PROD071,FACT05,2023-03-01,1743,306,1437,201,894,10.8,A
INV01271,PROD108,FACT03,2024-01-01,8035,1516,6519,1705,5285,145.4,B
INV01272,PROD060,FACT07,2024-08-01,1736,659,1077,232,598,8.8,A
INV01273,PROD009,FACT09,2024-12-01,624,366,258,182,587,7.7,D
INV01274,PROD044,FACT10,2023-02-01,6325,377,5948,1334,5482,63.8,C
INV01275,PROD011,FACT12,2023-05-01,6942,2917,4025,1429,4037,42.4,B
INV01276,PROD003,FACT06,2024-03-01,8677,3760,4917,2555,6441,35.2,B
INV01277,PROD077,FACT12,2023-10-01,3881,1419,2462,775,3266,14.7,B
INV01278,PROD005,FACT12,2023-06-01,5156,285,4871,1213,5631,72.2,A
INV01279,PROD032,FACT11,2024-02-01,5230,2006,3224,572,2149,247.4,A
INV01280,PROD022,FACT10,2024-09-01,5870,665,5205,1419,5068,367.6,A
INV01281,PROD054,FACT12,2023-01-01,6760,628,6132,817,3484,34.9,B
INV01282,PROD053,FACT07,2023-09-01,5957,2578,3379,1525,6402,33.8,B
INV01283,PROD062,FACT12,2023-10-01,2915,1268,1647,803,1621,30.9,C
INV01284,PROD050,FACT07,2024-10-01,205,111,94,33,94,8.3,C
INV01285,PROD107,FACT07,2024-09-01,5480,284,5196,1510,7242,48.1,A
INV01286,PROD026,FACT04,2023-11-01,1367,353,1014,269,1313,32.0,A
INV01287,PROD067,FACT06,2024-10-01,352,20,332,75,265,3.8,C
INV01288,PROD054,FACT07,2024-07-01,2930,734,2196,534,1965,20.8,D
INV01289,PROD041,FACT10,2023-09-01,5929,1900,4029,1158,2318,81.1,C
INV01290,PROD008,FACT12,2023-12-01,9073,3097,5976,2555,10263,136.5,A
INV01291,PROD024,FACT11,2024-08-01,8146,2002,6144,2358,6219,693.3,A
INV01292,PROD104,FACT04,2023-06-01,9756,4380,5376,1846,4400,45.1,A
INV01293,PROD013,FACT09,2024-04-01,372,104,268,75,219,6.1,A
INV01294,PROD075,FACT11,2024-01-01,7810,2612,5198,962,3843,29.5,C
INV01295,PROD102,FACT09,2023-06-01,3924,1923,2001,648,2144,16.3,A
INV01296,PROD109,FACT12,2024-01-01,6044,882,5162,1225,3733,45.5,A
INV01297,PROD060,FACT04,2024-03-01,9257,2097,7160,1301,5439,69.2,C
INV01298,PROD107,FACT08,2024-06-01,7475,2517,4958,1609,7146,105.5,D
INV01299,PROD014,FACT08,2024-04-01,3491,1648,1843,828,3815,9.5,C
INV01300,PROD046,FACT02,2023-09-01,3975,1129,2846,914,3048,14.7,A
INV01301,PROD115,FACT06,2024-06-01,1749,157,1592,330,1371,23.5,A
INV01302,PROD005,FACT09,2023-10-01,2049,1217,832,520,2421,5.3,B
INV01303,PROD111,FACT08,2023-12-01,562,247,315,92,435,11.1,A
INV01304,PROD013,FACT01,2023-05-01,910,407,503,176,612,3.2,D
INV01305,PROD024,FACT05,2023-02-01,9575,2928,6647,1475,4522,109.3,A
INV01306,PROD016,FACT05,2023-09-01,9868,3462,6406,2178,10238,104.4,C
INV01307,PROD029,FACT09,2024-06-01,2229,1330,899,419,1167,8.7,A
INV01308,PROD019,FACT02,2024-12-01,8575,3235,5340,1230,5400,65.5,A
INV01309,PROD081,FACT05,2023-01-01,7394,1260,6134,1195,5648,219.3,B
INV01310,PROD060,FACT01,2024-02-01,6252,3629,2623,975,4114,21.7,A
INV01311,PROD062,FACT08,2023-03-01,8781,3036,5745,2478,10010,123.0,A
INV01312,PROD095,FACT08,2024-11-01,1633,100,1533,334,719,16.7,C
INV01313,PROD048,FACT02,2023-11-01,7317,2673,4644,1687,4404,92.8,D
INV01314,PROD093,FACT10,2024-10-01,3499,311,3188,1004,4016,18.5,B
INV01315,PROD032,FACT01,2024-06-01,643,219,424,88,383,6.0,D
INV01316,PROD046,FACT03,2023-02-01,9369,4721,4648,2692,5896,26.1,D
INV01317,PROD081,FACT09,2024-10-01,5760,1995,3765,1198,2464,54.9,A
INV01318,PROD071,FACT07,2024-05-01,7177,1833,5344,1947,5714,133.6,B
INV01319,PROD102,FACT07,2023-03-01,1564,837,727,209,822,6.2,A
INV01320,PROD069,FACT10,2024-09-01,6133,3436,2697,948,3352,23.8,A
INV01321,PROD088,FACT04,2023-07-01,989,238,751,137,277,6.0,C
INV01322,PROD056,FACT05,2023-03-01,7256,2354,4902,1674,4109,76.7,A
INV01323,PROD033,FACT07,2024-03-01,8972,5299,3673,1150,4895,54.5,B
INV01324,PROD112,FACT02,2023-04-01,3751,555,3196,970,2806,62.3,B
INV01325,PROD023,FACT03,2024-03-01,6817,1459,5358,1023,2406,28.8,A
INV01326,PROD078,FACT03,2023-03-01,4605,1315,3290,696,1498,23.8,B
INV01327,PROD098,FACT11,2023-11-01,5710,602,5108,892,4060,33.5,D
INV01328,PROD061,FACT07,2023-03-01,2598,519,2079,648,2213,48.5,D
INV01329,PROD004,FACT07,2024-08-01,7123,2490,4633,2029,7124,34.6,D
INV01330,PROD065,FACT11,2024-06-01,3306,581,2725,931,2033,17.7,C
INV01331,PROD002,FACT06,2024-02-01,5333,2280,3053,641,2222,42.5,D
INV01332,PROD093,FACT01,2024-09-01,1816,438,1378,277,1091,38.5,D
INV01333,PROD058,FACT10,2023-09-01,7506,746,6760,1760,4168,48.0,B
INV01334,PROD073,FACT11,2024-03-01,4717,2219,2498,1055,4966,20.1,B
INV01335,PROD028,FACT08,2023-08-01,4693,1699,2994,798,3471,25.5,D
INV01336,PROD033,FACT10,2023-08-01,9430,4750,4680,2570,11323,115.3,A
INV01337,PROD023,FACT10,2023-08-01,3840,953,2887,484,1747,51.4,B
INV01338,PROD084,FACT04,2024-12-01,508,31,477,116,348,3.8,C
INV01339,PROD119,FACT08,2024-02-01,8614,652,7962,1332,5223,63.9,B
INV01340,PROD031,FACT07,2023-06-01,5764,2810,2954,1184,3169,26.1,C
INV01341,PROD048,FACT01,2024-01-01,1757,485,1272,312,752,8.2,D
INV01342,PROD046,FACT07,2023-07-01,454,267,187,134,484,1.1,D
INV01343,PROD119,FACT04,2024-03-01,5565,2820,2745,1098,3773,46.6,C
INV01344,PROD045,FACT05,2023-10-01,2300,135,2165,679,1664,60.6,C
INV01345,PROD090,FACT06,2023-12-01,3788,2002,1786,572,2054,40.4,C
INV01346,PROD095,FACT05,2023-05-01,158,26,132,40,146,2.2,B
INV01347,PROD032,FACT12,2024-10-01,757,240,517,184,849,2.7,D
INV01348,PROD051,FACT02,2023-03-01,284,93,191,77,329,6.0,B
INV01349,PROD047,FACT08,2023-05-01,9266,768,8498,2212,5868,48.2,A
INV01350,PROD061,FACT08,2023-12-01,8908,1061,7847,2106,9380,175.7,C
INV01351,PROD050,FACT05,2023-03-01,3311,936,2375,769,3774,32.6,A
INV01352,PROD035,FACT05,2024-09-01,9208,3715,5493,2735,11350,185.9,C
INV01353,PROD015,FACT12,2023-01-01,1885,368,1517,274,1195,60.3,C
INV01354,PROD079,FACT07,2024-05-01,9158,3109,6049,971,2718,256.8,D
INV01355,PROD037,FACT02,2023-10-01,93,24,69,22,109,1.0,C
INV01356,PROD109,FACT05,2023-06-01,7722,3063,4659,1038,2625,43.5,B
INV01357,PROD056,FACT01,2024-12-01,6711,1902,4809,1583,6732,108.9,C
INV01358,PROD059,FACT04,2024-08-01,6567,3404,3163,1077,3431,16.9,C
INV01359,PROD025,FACT12,2024-01-01,93,55,38,10,31,0.3,A
INV01360,PROD020,FACT08,2024-03-01,3173,1752,1421,806,2302,8.0,D
INV01361,PROD048,FACT01,2024-11-01,9749,1391,8358,1076,3576,245.7,D
INV01362,PROD086,FACT10,2024-09-01,4481,1351,3130,649,2838,94.9,C
INV01363,PROD020,FACT01,2023-02-01,918,278,640,154,743,3.8,A
INV01364,PROD015,FACT04,2024-09-01,9833,5037,4796,1244,4041,41.4,B
INV01365,PROD062,FACT10,2023-02-01,2517,620,1897,712,2816,10.1,B
INV01366,PROD094,FACT05,2024-05-01,6113,2153,3960,1372,5988,117.7,C
INV01367,PROD014,FACT09,2024-07-01,5578,2148,3430,1534,3527,340.5,C
INV01368,PROD105,FACT05,2023-01-01,4828,538,4290,1141,5570,23.3,A
INV01369,PROD021,FACT01,2023-05-01,8228,2936,5292,2455,6469,37.5,D
INV01370,PROD050,FACT11,2024-08-01,2575,478,2097,528,2505,12.9,A
INV01371,PROD081,FACT03,2024-04-01,6163,1009,5154,683,3388,82.2,B
INV01372,PROD069,FACT04,2024-10-01,2889,542,2347,382,879,419.3,C
INV01373,PROD015,FACT07,2023-05-01,9133,956,8177,1988,9300,82.5,C
INV01374,PROD120,FACT02,2024-11-01,5449,481,4968,924,3625,25.1,A
INV01375,PROD063,FACT04,2024-11-01,9963,4043,5920,1221,5438,32.5,D
INV01376,PROD043,FACT08,2023-10-01,3480,1975,1505,514,1196,79.0,A
INV01377,PROD027,FACT05,2024-09-01,6869,2943,3926,1339,6029,94.3,D
INV01378,PROD061,FACT06,2023-10-01,9887,2190,7697,2013,7807,117.2,D
INV01379,PROD054,FACT03,2023-01-01,5337,1250,4087,1531,5407,24.5,B
INV01380,PROD059,FACT04,2023-09-01,8655,3010,5645,1022,3761,34.0,D
INV01381,PROD108,FACT09,2024-06-01,5264,2771,2493,903,3823,60.7,B
INV01382,PROD039,FACT02,2023-07-01,3100,500,2600,624,1805,23.9,C
INV01383,PROD084,FACT03,2024-07-01,1914,589,1325,235,1135,12.9,A
INV01384,PROD117,FACT02,2024-10-01,4739,1537,3202,1126,3291,37.3,B
INV01385,PROD105,FACT02,2024-04-01,9404,5287,4117,1909,8841,37.6,A
INV01386,PROD035,FACT11,2024-09-01,3001,1035,1966,576,1173,31.7,B
INV01387,PROD081,FACT09,2023-06-01,2251,1079,1172,520,2470,10.8,C
INV01388,PROD120,FACT08,2023-10-01,161,16,145,25,114,1.0,B
INV01389,PROD009,FACT07,2023-05-01,1357,312,1045,228,541,60.8,B
INV01390,PROD107,FACT09,2024-01-01,1175,454,721,156,657,3.7,A
INV01391,PROD110,FACT08,2023-12-01,9047,3824,5223,1852,5783,140.3,B
INV01392,PROD060,FACT09,2024-12-01,7418,3982,3436,1294,4450,45.7,A
INV01393,PROD062,FACT02,2024-05-01,5713,2141,3572,869,1917,36.9,C
INV01394,PROD106,FACT07,2023-02-01,5656,1184,4472,707,1865,344.2,C
INV01395,PROD068,FACT09,2023-05-01,4440,1538,2902,465,2260,25.9,B
INV01396,PROD016,FACT09,2024-10-01,8296,3661,4635,1150,3742,26.5,D
INV01397,PROD016,FACT08,2023-10-01,6424,3092,3332,960,1995,18.4,C
INV01398,PROD093,FACT01,2023-01-01,950,541,409,187,663,6.0,D
INV01399,PROD108,FACT03,2023-12-01,919,142,777,136,678,6.8,D
INV01400,PROD096,FACT08,2024-02-01,7161,2961,4200,1887,5658,26.8,A
INV01401,PROD032,FACT03,2024-11-01,8062,1291,6771,1571,3808,124.7,D
INV01402,PROD102,FACT04,2023-08-01,422,95,327,95,373,3.0,D
INV01403,PROD103,FACT10,2024-05-01,4300,553,3747,609,2899,49.0,D
INV01404,PROD119,FACT02,2023-11-01,8961,4258,4703,1642,7516,59.7,A
INV01405,PROD104,FACT03,2024-08-01,7841,4334,3507,1729,6866,150.1,B
INV01406,PROD038,FACT05,2023-02-01,7343,488,6855,1191,3040,81.3,D
INV01407,PROD039,FACT12,2023-05-01,8113,4036,4077,1357,5907,112.1,C
INV01408,PROD062,FACT11,2024-06-01,7297,1335,5962,1908,8528,93.5,A
INV01409,PROD063,FACT06,2023-09-01,4572,1453,3119,1223,5563,44.9,D
INV01410,PROD105,FACT06,2023-09-01,7206,3326,3880,1489,4782,43.6,D
INV01411,PROD016,FACT07,2023-10-01,4454,1464,2990,1244,4014,16.3,A
INV01412,PROD054,FACT12,2024-09-01,1232,218,1014,305,752,7.9,A
INV01413,PROD109,FACT10,2024-09-01,7830,4294,3536,870,3757,18.1,A
INV01414,PROD015,FACT08,2023-04-01,6724,2531,4193,1425,6002,34.9,D
INV01415,PROD018,FACT06,2024-05-01,6286,3534,2752,1506,3463,17.0,A
INV01416,PROD004,FACT10,2023-12-01,9716,5010,4706,2023,4168,28.1,D
INV01417,PROD037,FACT06,2023-03-01,8251,4391,3860,2198,10672,25.9,C
INV01418,PROD040,FACT02,2023-04-01,6463,1609,4854,1035,2124,35.8,D
INV01419,PROD063,FACT03,2024-11-01,4993,2961,2032,565,2195,23.5,B
INV01420,PROD068,FACT06,2023-07-01,6307,3272,3035,1430,4806,26.3,D
INV01421,PROD017,FACT06,2024-11-01,6412,1511,4901,1578,6836,114.6,D
INV01422,PROD081,FACT06,2024-11-01,9079,4930,4149,2297,5199,33.0,D
INV01423,PROD098,FACT04,2023-11-01,5892,2742,3150,602,2436,29.9,B
INV01424,PROD120,FACT11,2023-04-01,7207,3235,3972,1691,6502,24.5,A
INV01425,PROD048,FACT02,2024-08-01,5567,297,5270,580,2645,29.1,D
INV01426,PROD019,FACT08,2023-06-01,8866,553,8313,2260,8036,269.1,C
INV01427,PROD086,FACT02,2023-01-01,1976,854,1122,475,1988,8.0,C
INV01428,PROD039,FACT03,2023-01-01,5672,1153,4519,1211,4012,23.8,A
INV01429,PROD107,FACT01,2023-06-01,6316,519,5797,1271,6294,31.5,C
INV01430,PROD065,FACT09,2023-01-01,8353,1731,6622,2030,7467,39.5,B
INV01431,PROD053,FACT03,2024-03-01,5849,2988,2861,652,2778,198.3,A
INV01432,PROD018,FACT02,2023-01-01,2082,643,1439,555,1265,26.5,A
INV01433,PROD039,FACT06,2023-06-01,9419,3660,5759,1321,4476,169.8,B
INV01434,PROD060,FACT08,2024-12-01,5282,2590,2692,1033,2266,14.5,B
INV01435,PROD092,FACT04,2023-09-01,4452,1014,3438,879,2079,22.8,C
INV01436,PROD077,FACT01,2023-06-01,9651,542,9109,2465,8673,83.8,C
INV01437,PROD035,FACT07,2024-05-01,2121,483,1638,294,899,8.4,B
INV01438,PROD073,FACT03,2024-11-01,6954,4007,2947,1112,3758,68.6,C
INV01439,PROD081,FACT05,2024-06-01,4502,1419,3083,1047,3652,23.7,D
INV01440,PROD034,FACT11,2024-11-01,6259,2274,3985,1143,2834,32.2,B
INV01441,PROD015,FACT02,2024-08-01,1194,559,635,191,592,8.9,C
INV01442,PROD073,FACT08,2023-01-01,5556,629,4927,1246,5709,49.4,C
INV01443,PROD103,FACT03,2024-04-01,1608,729,879,189,864,17.3,A
INV01444,PROD019,FACT09,2024-04-01,9409,2011,7398,2427,8426,54.0,A
INV01445,PROD075,FACT01,2023-01-01,8098,2134,5964,1660,7051,68.9,D
INV01446,PROD088,FACT06,2023-07-01,1489,295,1194,210,895,124.5,B
INV01447,PROD085,FACT03,2024-02-01,1690,227,1463,307,655,7.7,D
INV01448,PROD063,FACT04,2024-03-01,4843,1205,3638,611,2342,35.4,B
INV01449,PROD082,FACT11,2023-06-01,3738,381,3357,835,3685,23.5,B
INV01450,PROD026,FACT04,2024-11-01,8639,4446,4193,2020,7639,96.6,C
INV01451,PROD049,FACT08,2024-05-01,6950,1517,5433,1258,4560,182.3,A
INV01452,PROD118,FACT09,2024-05-01,9403,3850,5553,1579,5674,30.7,A
INV01453,PROD004,FACT05,2023-06-01,4304,918,3386,1162,4095,28.2,B
INV01454,PROD066,FACT12,2024-01-01,9288,1541,7747,1999,8666,76.5,C
INV01455,PROD017,FACT11,2024-12-01,95,42,53,22,86,0.5,B
INV01456,PROD119,FACT10,2023-11-01,7147,2810,4337,897,2374,84.9,A
INV01457,PROD116,FACT10,2024-07-01,4146,705,3441,1006,3320,18.8,D
INV01458,PROD001,FACT03,2023-10-01,7461,2885,4576,1410,5056,97.8,A
INV01459,PROD077,FACT09,2023-02-01,4658,246,4412,807,2628,123.2,D
INV01460,PROD074,FACT01,2024-08-01,1583,233,1350,453,1229,7.2,A
INV01461,PROD081,FACT01,2023-08-01,8143,3667,4476,902,2142,81.0,A
INV01462,PROD119,FACT03,2024-03-01,841,232,609,117,275,3.5,B
INV01463,PROD085,FACT02,2023-09-01,7748,1255,6493,1356,3917,41.7,D
INV01464,PROD113,FACT08,2024-01-01,9553,3136,6417,1574,5049,80.7,D
INV01465,PROD107,FACT05,2024-10-01,5142,1573,3569,1039,4207,65.4,B
INV01466,PROD009,FACT10,2024-11-01,4581,1826,2755,825,4088,18.0,B
INV01467,PROD095,FACT01,2024-03-01,3763,338,3425,970,4551,28.2,C
INV01468,PROD099,FACT03,2024-03-01,8278,4144,4134,2099,9322,75.8,D
INV01469,PROD010,FACT03,2023-01-01,9263,760,8503,2357,10468,47.6,A
INV01470,PROD049,FACT02,2023-05-01,1890,566,1324,329,1246,9.1,B
INV01471,PROD048,FACT09,2024-03-01,5944,2620,3324,1079,2976,18.2,D
INV01472,PROD048,FACT01,2024-10-01,4768,1143,3625,1164,3976,40.1,B
INV01473,PROD015,FACT10,2024-02-01,3877,2135,1742,484,1175,58.1,D
INV01474,PROD045,FACT05,2023-06-01,2496,1162,1334,675,2497,7.2,A
INV01475,PROD002,FACT09,2023-06-01,4613,1312,3301,961,1988,27.0,B
INV01476,PROD058,FACT12,2024-11-01,9876,1492,8384,2664,6842,68.1,C
INV01477,PROD038,FACT03,2024-08-01,3098,229,2869,802,3318,24.1,A
INV01478,PROD003,FACT10,2023-05-01,5625,2761,2864,984,2785,29.5,B
INV01479,PROD090,FACT03,2024-10-01,645,101,544,78,254,9.9,C
INV01480,PROD120,FACT07,2023-09-01,8999,1785,7214,2557,11497,57.9,B
INV01481,PROD097,FACT01,2024-08-01,4248,237,4011,718,1532,27.6,A
INV01482,PROD113,FACT09,2024-08-01,2546,153,2393,445,920,13.0,A
INV01483,PROD088,FACT07,2023-07-01,78,14,64,22,59,3.4,A
INV01484,PROD059,FACT12,2024-04-01,1455,771,684,412,1670,12.5,C
INV01485,PROD097,FACT12,2024-05-01,2469,1184,1285,377,1021,8.2,D
INV01486,PROD063,FACT08,2024-11-01,3664,1735,1929,432,1983,12.4,A
INV01487,PROD094,FACT02,2023-08-01,7440,3756,3684,746,2279,79.5,A
INV01488,PROD043,FACT03,2024-06-01,4625,706,3919,868,2474,95.5,D
INV01489,PROD004,FACT09,2024-08-01,7203,4239,2964,1539,4153,38.7,C
INV01490,PROD043,FACT04,2024-01-01,7989,1420,6569,1231,4582,380.4,C
INV01491,PROD109,FACT05,2024-02-01,1922,255,1667,292,1334,11.3,D
INV01492,PROD061,FACT09,2023-04-01,5208,1104,4104,892,2871,30.3,A
INV01493,PROD086,FACT10,2023-10-01,4972,1699,3273,759,2093,19.0,C
INV01494,PROD049,FACT08,2023-10-01,7827,927,6900,2126,6936,77.7,D
INV01495,PROD064,FACT05,2023-06-01,9066,4136,4930,2072,9768,38.2,C
INV01496,PROD020,FACT11,2023-07-01,1663,423,1240,442,1328,6.5,B
INV01497,PROD093,FACT02,2023-07-01,2404,872,1532,654,2595,8.0,B
INV01498,PROD085,FACT03,2023-04-01,7457,3384,4073,1394,4167,216.0,D
INV01499,PROD045,FACT03,2024-07-01,2789,1523,1266,545,2193,235.9,A
INV01500,PROD017,FACT12,2024-08-01,1208,605,603,357,1658,3.1,B
